import_time,store_id,store_name,product_id,product_name,spec,realtimeprice,category,tags,icon,分割线,store_id,store_name,product_id,product_name,spec,category,tags,realtimeprice,icon,相似度分数
2018/3/1,47090,沃尔玛-宝山万达店,2006658790,丑柑,500g,12.5,果蔬蛋类,,,***华丽分割线***,44047,永辉超市-长江国际店,2010447835,光明红枣酸牛奶,950g,日配冷藏,,13.9,,0
2018/3/1,47090,沃尔玛-宝山万达店,2006658790,丑柑,500g,12.5,果蔬蛋类,,,***华丽分割线***,44047,永辉超市-长江国际店,2010470085,贤哥手撕牛排味面筋,150g 150G,蛋品杂粮,,4.9,,0
2018/3/1,47090,沃尔玛-宝山万达店,2006658790,丑柑,500g,12.5,果蔬蛋类,,,***华丽分割线***,44047,永辉超市-长江国际店,2010448350,乌拉圭牛尾,500g,大肉家禽,,45.8,,0
2018/3/1,47090,沃尔玛-宝山万达店,2010104458,丰水梨,1kg,11.9,果蔬蛋类,,,***华丽分割线***,44047,永辉超市-长江国际店,2009879567,茶花脚踏卫生桶 1502,,日用百货,,39.9,,0
2018/3/1,47090,沃尔玛-宝山万达店,2010104458,丰水梨,1kg,11.9,果蔬蛋类,,,***华丽分割线***,44047,永辉超市-长江国际店,2005554867,圃美多荞麦冷面1人份 ,390g,日配冷藏,,15.8,,0
2018/3/1,47090,沃尔玛-宝山万达店,2010104458,丰水梨,1kg,11.9,果蔬蛋类,,,***华丽分割线***,44047,永辉超市-长江国际店,2007510330,高洁丝棉柔丝薄420夜用卫生巾 ,4p,清洁美妆,,8.9,,0
2018/3/1,47090,沃尔玛-宝山万达店,2003380226,九道菇 袋装金针菇 ,150g,2.5,果蔬蛋类,,,***华丽分割线***,44047,永辉超市-长江国际店,2011681653,袋装冰糖橙 1±,0.1kg,新鲜水果,活动期间(02.07-02.13)每人限购10件,11.99,,0.44
2018/3/1,47090,沃尔玛-宝山万达店,2003380226,九道菇 袋装金针菇 ,150g,2.5,果蔬蛋类,,,***华丽分割线***,44047,永辉超市-长江国际店,2010192147,画马石金针菇,170g,粮油调味,,6.9,,0.4
2018/3/1,47090,沃尔玛-宝山万达店,2003380226,九道菇 袋装金针菇 ,150g,2.5,果蔬蛋类,,,***华丽分割线***,44047,永辉超市-长江国际店,2005553158,雪榕金针菇 ,150g,时令蔬菜,,1.9,,0.4
2018/3/1,47090,沃尔玛-宝山万达店,2004859544,佳丰 农养鲜草鸡蛋,15枚 675g,15.9,果蔬蛋类,,,***华丽分割线***,44047,永辉超市-长江国际店,2005555426,土鸡蛋 ,15枚/份,蛋品杂粮,,12.9,,0.36
2018/3/1,47090,沃尔玛-宝山万达店,2008697267,佳丰 农养鲜草鸡蛋,20枚 900g,17.9,果蔬蛋类,,,***华丽分割线***,44047,永辉超市-长江国际店,2005555426,土鸡蛋 ,15枚/份,蛋品杂粮,,12.9,,0.36
2018/3/1,47090,沃尔玛-宝山万达店,2004859544,佳丰 农养鲜草鸡蛋,15枚 675g,15.9,果蔬蛋类,,,***华丽分割线***,44047,永辉超市-长江国际店,2005553614,波力鸡蛋卷 ,216g,休闲零食,,27.8,,0.2
2018/3/1,47090,沃尔玛-宝山万达店,2010919555,佳丰 咸鸭蛋 ,70g,1.9,果蔬蛋类,,,***华丽分割线***,44047,永辉超市-长江国际店,2005555423,咸鸭蛋 ,10枚/份,蛋品杂粮,,10.96,,0.72
2018/3/1,47090,沃尔玛-宝山万达店,2010919555,佳丰 咸鸭蛋 ,70g,1.9,果蔬蛋类,,,***华丽分割线***,44047,永辉超市-长江国际店,2007983139,邮星麻鸭咸鸭蛋(熟）,650克,蛋品杂粮,,38.8,,0.45
2018/3/1,47090,沃尔玛-宝山万达店,2010919555,佳丰 咸鸭蛋 ,70g,1.9,果蔬蛋类,,,***华丽分割线***,44047,永辉超市-长江国际店,2007982927,邮星麻鸭咸鸭蛋(熟） ,450克,蛋品杂粮,,27.8,,0.45
2018/3/1,47090,沃尔玛-宝山万达店,2007672929,佳丰 松花蛋,6枚 300g,13.9,果蔬蛋类,,,***华丽分割线***,44047,永辉超市-长江国际店,2006493036,【海报热卖】永和甜豆浆粉 ,350g,海报促销,,16.8,,0
2018/3/1,47090,沃尔玛-宝山万达店,2007672929,佳丰 松花蛋,6枚 300g,13.9,果蔬蛋类,,,***华丽分割线***,44047,永辉超市-长江国际店,2011287007,广乐香辣金针菇,177g 177G,粮油调味,,9.9,,0
2018/3/1,47090,沃尔玛-宝山万达店,2007672929,佳丰 松花蛋,6枚 300g,13.9,果蔬蛋类,,,***华丽分割线***,44047,永辉超市-长江国际店,2011286606,麒麟午后奶茶饮料 ,500ml,酒水饮料,,4.5,,0
2018/3/1,47090,沃尔玛-宝山万达店,2007672931,佳丰 熟咸鸭蛋,6枚 300g,13.9,果蔬蛋类,,,***华丽分割线***,44047,永辉超市-长江国际店,2005555423,咸鸭蛋 ,10枚/份,蛋品杂粮,,10.96,,0.72
2018/3/1,47090,沃尔玛-宝山万达店,2007672931,佳丰 熟咸鸭蛋,6枚 300g,13.9,果蔬蛋类,,,***华丽分割线***,44047,永辉超市-长江国际店,2007983139,邮星麻鸭咸鸭蛋(熟）,650克,蛋品杂粮,,38.8,,0.45
2018/3/1,47090,沃尔玛-宝山万达店,2007672931,佳丰 熟咸鸭蛋,6枚 300g,13.9,果蔬蛋类,,,***华丽分割线***,44047,永辉超市-长江国际店,2007982927,邮星麻鸭咸鸭蛋(熟） ,450克,蛋品杂粮,,27.8,,0.45
2018/3/1,47090,沃尔玛-宝山万达店,2004875440,佳丰 营养鸡蛋,10枚装 450g,13.9,果蔬蛋类,,,***华丽分割线***,44047,永辉超市-长江国际店,2005555426,土鸡蛋 ,15枚/份,蛋品杂粮,,12.9,,0.49
2018/3/1,47090,沃尔玛-宝山万达店,2004875440,佳丰 营养鸡蛋,10枚装 450g,13.9,果蔬蛋类,,,***华丽分割线***,44047,永辉超市-长江国际店,2005553614,波力鸡蛋卷 ,216g,休闲零食,,27.8,,0.27
2018/3/1,47090,沃尔玛-宝山万达店,2004875440,佳丰 营养鸡蛋,10枚装 450g,13.9,果蔬蛋类,,,***华丽分割线***,44047,永辉超市-长江国际店,2009345483,雪羽鹤鸡蛋面 ,1kg/包,粮油调味,,4.9,,0.26
2018/3/1,47090,沃尔玛-宝山万达店,2011758166,佳沛 大金果 ,8个装 约500g,92,果蔬蛋类,,,***华丽分割线***,44047,永辉超市-长江国际店,2005554899,佳沛绿果,100g/个,新鲜水果,,5.9,,0.55
2018/3/1,47090,沃尔玛-宝山万达店,2011758166,佳沛 大金果 ,8个装 约500g,92,果蔬蛋类,,,***华丽分割线***,44047,永辉超市-长江国际店,2008553180,佳沛绿奇异果（bravo) ,6粒/份,新鲜水果,,29.9,,0.45
2018/3/1,47090,沃尔玛-宝山万达店,2011758166,佳沛 大金果 ,8个装 约500g,92,果蔬蛋类,,,***华丽分割线***,44047,永辉超市-长江国际店,2005554228,金果源苹果醋 ,330ml,酒水饮料,,4.6,,0.38
2018/3/1,47090,沃尔玛-宝山万达店,2003138071,佳沛 绿奇异果(个),90g,4.98,果蔬蛋类,,,***华丽分割线***,44047,永辉超市-长江国际店,2008553180,佳沛绿奇异果（bravo) ,6粒/份,新鲜水果,,29.9,,0.82
2018/3/1,47090,沃尔玛-宝山万达店,2003138071,佳沛 绿奇异果(个),90g,4.98,果蔬蛋类,,,***华丽分割线***,44047,永辉超市-长江国际店,2005554899,佳沛绿果,100g/个,新鲜水果,,5.9,,0.49
2018/3/1,47090,沃尔玛-宝山万达店,2003138071,佳沛 绿奇异果(个),90g,4.98,果蔬蛋类,,,***华丽分割线***,44047,永辉超市-长江国际店,2005555406,新西兰金奇异果120±,10g/1个,新鲜水果,,9.9,,0.47
2018/3/1,47090,沃尔玛-宝山万达店,2007285052,佳沛 金果,6个装 约500g,29.9,果蔬蛋类,,,***华丽分割线***,44047,永辉超市-长江国际店,2005554899,佳沛绿果,100g/个,新鲜水果,,5.9,,0.55
2018/3/1,47090,沃尔玛-宝山万达店,2007285052,佳沛 金果,6个装 约500g,29.9,果蔬蛋类,,,***华丽分割线***,44047,永辉超市-长江国际店,2008553180,佳沛绿奇异果（bravo) ,6粒/份,新鲜水果,,29.9,,0.45
2018/3/1,47090,沃尔玛-宝山万达店,2007285052,佳沛 金果,6个装 约500g,29.9,果蔬蛋类,,,***华丽分割线***,44047,永辉超市-长江国际店,2005554228,金果源苹果醋 ,330ml,酒水饮料,,4.6,,0.38
2018/3/1,47090,沃尔玛-宝山万达店,2004749574,冬瓜,1kg,6.3,果蔬蛋类,,,***华丽分割线***,44047,永辉超市-长江国际店,2005555460,冬瓜450±,50g/份,时令蔬菜,,1.9,,0.63
2018/3/1,47090,沃尔玛-宝山万达店,2004749574,冬瓜,1kg,6.3,果蔬蛋类,,,***华丽分割线***,44047,永辉超市-长江国际店,2005554416,健达奇趣蛋女孩版,3只装 60g,休闲零食,,25.4,,0
2018/3/1,47090,沃尔玛-宝山万达店,2004749574,冬瓜,1kg,6.3,果蔬蛋类,,,***华丽分割线***,44047,永辉超市-长江国际店,2007694922,田趣原味海苔 ,1.5g*18,休闲零食,,24.9,,0
2018/3/1,47090,沃尔玛-宝山万达店,2005557476,冰糖心富士苹果,1kg,20.8,果蔬蛋类,,,***华丽分割线***,44047,永辉超市-长江国际店,2005555194,冰糖,800g/份,蛋品杂粮,,8.69,,0.6
2018/3/1,47090,沃尔玛-宝山万达店,2005557476,冰糖心富士苹果,1kg,20.8,果蔬蛋类,,,***华丽分割线***,44047,永辉超市-长江国际店,2006493849,阿克苏冰糖心苹果 1±,0.1kg/份,新鲜水果,,16.9,,0.6
2018/3/1,47090,沃尔玛-宝山万达店,2005557476,冰糖心富士苹果,1kg,20.8,果蔬蛋类,,,***华丽分割线***,44047,永辉超市-长江国际店,2011681653,袋装冰糖橙 1±,0.1kg,新鲜水果,活动期间(02.07-02.13)每人限购10件,11.99,,0.39
2018/3/1,47090,沃尔玛-宝山万达店,2003137969,包装上海青,300g,5.9,果蔬蛋类,,,***华丽分割线***,44047,永辉超市-长江国际店,2005553135,肉皮（包装） ,100g,蛋品杂粮,,9.9,,0.47
2018/3/1,47090,沃尔玛-宝山万达店,2003137969,包装上海青,300g,5.9,果蔬蛋类,,,***华丽分割线***,44047,永辉超市-长江国际店,2007613122,康师傅包装饮用水 ,1.5L,酒水饮料,,1.7,,0.4
2018/3/1,47090,沃尔玛-宝山万达店,2003137969,包装上海青,300g,5.9,果蔬蛋类,,,***华丽分割线***,44047,永辉超市-长江国际店,2005553294,康师傅包装饮用水 ,550ML*12,酒水饮料,,8,,0.4
2018/3/1,47090,沃尔玛-宝山万达店,2003137959,包装四季豆,300g,9.9,果蔬蛋类,,,***华丽分割线***,44047,永辉超市-长江国际店,2005553135,肉皮（包装） ,100g,蛋品杂粮,,9.9,,0.3
2018/3/1,47090,沃尔玛-宝山万达店,2003137959,包装四季豆,300g,9.9,果蔬蛋类,,,***华丽分割线***,44047,永辉超市-长江国际店,2007613122,康师傅包装饮用水 ,1.5L,酒水饮料,,1.7,,0.25
2018/3/1,47090,沃尔玛-宝山万达店,2003137959,包装四季豆,300g,9.9,果蔬蛋类,,,***华丽分割线***,44047,永辉超市-长江国际店,2005553294,康师傅包装饮用水 ,550ML*12,酒水饮料,,8,,0.25
2018/3/1,47090,沃尔玛-宝山万达店,2003137954,包装土豆,650g,5.9,果蔬蛋类,,,***华丽分割线***,44047,永辉超市-长江国际店,2006817058,土豆(bravo）,400g/份,时令蔬菜,,3.5,,0.45
2018/3/1,47090,沃尔玛-宝山万达店,2003137954,包装土豆,650g,5.9,果蔬蛋类,,,***华丽分割线***,44047,永辉超市-长江国际店,2005553135,肉皮（包装） ,100g,蛋品杂粮,,9.9,,0.36
2018/3/1,47090,沃尔玛-宝山万达店,2003137954,包装土豆,650g,5.9,果蔬蛋类,,,***华丽分割线***,44047,永辉超市-长江国际店,2007613122,康师傅包装饮用水 ,1.5L,酒水饮料,,1.7,,0.3
2018/3/1,47090,沃尔玛-宝山万达店,2003137975,包装大葱,300g,5.9,果蔬蛋类,,,***华丽分割线***,44047,永辉超市-长江国际店,2005555481,大葱,500g/份,时令蔬菜,,4.9,,0.8
2018/3/1,47090,沃尔玛-宝山万达店,2003137975,包装大葱,300g,5.9,果蔬蛋类,,,***华丽分割线***,44047,永辉超市-长江国际店,2005553135,肉皮（包装） ,100g,蛋品杂粮,,9.9,,0.33
2018/3/1,47090,沃尔玛-宝山万达店,2003137975,包装大葱,300g,5.9,果蔬蛋类,,,***华丽分割线***,44047,永辉超市-长江国际店,2007613122,康师傅包装饮用水 ,1.5L,酒水饮料,,1.7,,0.28
2018/3/1,47090,沃尔玛-宝山万达店,2003137976,包装大蒜,180g,3.9,果蔬蛋类,,,***华丽分割线***,44047,永辉超市-长江国际店,2005553135,肉皮（包装） ,100g,蛋品杂粮,,9.9,,0.38
2018/3/1,47090,沃尔玛-宝山万达店,2003137976,包装大蒜,180g,3.9,果蔬蛋类,,,***华丽分割线***,44047,永辉超市-长江国际店,2007613122,康师傅包装饮用水 ,1.5L,酒水饮料,,1.7,,0.32
2018/3/1,47090,沃尔玛-宝山万达店,2003137976,包装大蒜,180g,3.9,果蔬蛋类,,,***华丽分割线***,44047,永辉超市-长江国际店,2005553294,康师傅包装饮用水 ,550ML*12,酒水饮料,,8,,0.32
2018/3/1,47090,沃尔玛-宝山万达店,2003137966,包装娃娃菜,400g,5.9,果蔬蛋类,,,***华丽分割线***,44047,永辉超市-长江国际店,2007637073,娃娃菜 份,,时令蔬菜,,5.8,,0.72
2018/3/1,47090,沃尔玛-宝山万达店,2003137966,包装娃娃菜,400g,5.9,果蔬蛋类,,,***华丽分割线***,44047,永辉超市-长江国际店,2005553135,肉皮（包装） ,100g,蛋品杂粮,,9.9,,0.39
2018/3/1,47090,沃尔玛-宝山万达店,2003137966,包装娃娃菜,400g,5.9,果蔬蛋类,,,***华丽分割线***,44047,永辉超市-长江国际店,2005553294,康师傅包装饮用水 ,550ML*12,酒水饮料,,8,,0.32
2018/3/1,47090,沃尔玛-宝山万达店,2003934502,包装小土豆,550g,5.9,果蔬蛋类,,,***华丽分割线***,44047,永辉超市-长江国际店,2005553135,肉皮（包装） ,100g,蛋品杂粮,,9.9,,0.26
2018/3/1,47090,沃尔玛-宝山万达店,2003934502,包装小土豆,550g,5.9,果蔬蛋类,,,***华丽分割线***,44047,永辉超市-长江国际店,2007613122,康师傅包装饮用水 ,1.5L,酒水饮料,,1.7,,0.22
2018/3/1,47090,沃尔玛-宝山万达店,2003934502,包装小土豆,550g,5.9,果蔬蛋类,,,***华丽分割线***,44047,永辉超市-长江国际店,2005553294,康师傅包装饮用水 ,550ML*12,酒水饮料,,8,,0.22
2018/3/1,47090,沃尔玛-宝山万达店,2004962421,包装小白菜,300g,5.9,果蔬蛋类,,,***华丽分割线***,44047,永辉超市-长江国际店,2005553135,肉皮（包装） ,100g,蛋品杂粮,,9.9,,0.31
2018/3/1,47090,沃尔玛-宝山万达店,2004962421,包装小白菜,300g,5.9,果蔬蛋类,,,***华丽分割线***,44047,永辉超市-长江国际店,2005553294,康师傅包装饮用水 ,550ML*12,酒水饮料,,8,,0.26
2018/3/1,47090,沃尔玛-宝山万达店,2004962421,包装小白菜,300g,5.9,果蔬蛋类,,,***华丽分割线***,44047,永辉超市-长江国际店,2007613122,康师傅包装饮用水 ,1.5L,酒水饮料,,1.7,,0.26
2018/3/1,47090,沃尔玛-宝山万达店,2003138126,包装小葱,100g,4.9,果蔬蛋类,,,***华丽分割线***,44047,永辉超市-长江国际店,2005553135,肉皮（包装） ,100g,蛋品杂粮,,9.9,,0.29
2018/3/1,47090,沃尔玛-宝山万达店,2003138126,包装小葱,100g,4.9,果蔬蛋类,,,***华丽分割线***,44047,永辉超市-长江国际店,2007613122,康师傅包装饮用水 ,1.5L,酒水饮料,,1.7,,0.25
2018/3/1,47090,沃尔玛-宝山万达店,2003138126,包装小葱,100g,4.9,果蔬蛋类,,,***华丽分割线***,44047,永辉超市-长江国际店,2005553294,康师傅包装饮用水 ,550ML*12,酒水饮料,,8,,0.25
2018/3/1,47090,沃尔玛-宝山万达店,2003137974,包装彩椒,300g,12.9,果蔬蛋类,,,***华丽分割线***,44047,永辉超市-长江国际店,2008235895,三全金枪鱼彩椒儿童水饺,300g,日配冷藏,,21.9,,0.43
2018/3/1,47090,沃尔玛-宝山万达店,2003137974,包装彩椒,300g,12.9,果蔬蛋类,,,***华丽分割线***,44047,永辉超市-长江国际店,2005553135,肉皮（包装） ,100g,蛋品杂粮,,9.9,,0.29
2018/3/1,47090,沃尔玛-宝山万达店,2003137974,包装彩椒,300g,12.9,果蔬蛋类,,,***华丽分割线***,44047,永辉超市-长江国际店,2005553294,康师傅包装饮用水 ,550ML*12,酒水饮料,,8,,0.25
2018/3/1,47090,沃尔玛-宝山万达店,2003137987,包装指天椒,100g,5.9,果蔬蛋类,,,***华丽分割线***,44047,永辉超市-长江国际店,2005553135,肉皮（包装） ,100g,蛋品杂粮,,9.9,,0.29
2018/3/1,47090,沃尔玛-宝山万达店,2003137987,包装指天椒,100g,5.9,果蔬蛋类,,,***华丽分割线***,44047,永辉超市-长江国际店,2005553294,康师傅包装饮用水 ,550ML*12,酒水饮料,,8,,0.25
2018/3/1,47090,沃尔玛-宝山万达店,2003137987,包装指天椒,100g,5.9,果蔬蛋类,,,***华丽分割线***,44047,永辉超市-长江国际店,2007613122,康师傅包装饮用水 ,1.5L,酒水饮料,,1.7,,0.25
2018/3/1,47090,沃尔玛-宝山万达店,2003137965,包装有刺黄瓜,500g,9.9,果蔬蛋类,,,***华丽分割线***,44047,永辉超市-长江国际店,2009882623,乐事黄瓜味 ,160g,蛋品杂粮,,11.9,,0.5
2018/3/1,47090,沃尔玛-宝山万达店,2003137965,包装有刺黄瓜,500g,9.9,果蔬蛋类,,,***华丽分割线***,44047,永辉超市-长江国际店,2006815481,黄瓜鱼（冰）600±,100g/份,海鲜荟萃,,23.9,,0.46
2018/3/1,47090,沃尔玛-宝山万达店,2003137965,包装有刺黄瓜,500g,9.9,果蔬蛋类,,,***华丽分割线***,44047,永辉超市-长江国际店,2008518426,荷兰黄瓜(bravo）,500g/份,时令蔬菜,,7.9,,0.42
2018/3/1,47090,沃尔玛-宝山万达店,2003138132,包装水果黄瓜,250g,5.9,果蔬蛋类,,,***华丽分割线***,44047,永辉超市-长江国际店,2009882623,乐事黄瓜味 ,160g,蛋品杂粮,,11.9,,0.43
2018/3/1,47090,沃尔玛-宝山万达店,2003138132,包装水果黄瓜,250g,5.9,果蔬蛋类,,,***华丽分割线***,44047,永辉超市-长江国际店,2006815481,黄瓜鱼（冰）600±,100g/份,海鲜荟萃,,23.9,,0.4
2018/3/1,47090,沃尔玛-宝山万达店,2003138132,包装水果黄瓜,250g,5.9,果蔬蛋类,,,***华丽分割线***,44047,永辉超市-长江国际店,2008518426,荷兰黄瓜(bravo）,500g/份,时令蔬菜,,7.9,,0.36
2018/3/1,47090,沃尔玛-宝山万达店,2003137972,包装油麦菜,300g,7.9,果蔬蛋类,,,***华丽分割线***,44047,永辉超市-长江国际店,2005554397,油麦菜,400g/份,时令蔬菜,,5.38,,0.85
2018/3/1,47090,沃尔玛-宝山万达店,2003137972,包装油麦菜,300g,7.9,果蔬蛋类,,,***华丽分割线***,44047,永辉超市-长江国际店,2005553135,肉皮（包装） ,100g,蛋品杂粮,,9.9,,0.29
2018/3/1,47090,沃尔玛-宝山万达店,2003137972,包装油麦菜,300g,7.9,果蔬蛋类,,,***华丽分割线***,44047,永辉超市-长江国际店,2005553294,康师傅包装饮用水 ,550ML*12,酒水饮料,,8,,0.25
2018/3/1,47090,沃尔玛-宝山万达店,2003137980,包装湖南椒,300g,15.9,果蔬蛋类,,,***华丽分割线***,44047,永辉超市-长江国际店,2005553135,肉皮（包装） ,100g,蛋品杂粮,,9.9,,0.41
2018/3/1,47090,沃尔玛-宝山万达店,2003137980,包装湖南椒,300g,15.9,果蔬蛋类,,,***华丽分割线***,44047,永辉超市-长江国际店,2005553294,康师傅包装饮用水 ,550ML*12,酒水饮料,,8,,0.35
2018/3/1,47090,沃尔玛-宝山万达店,2003137980,包装湖南椒,300g,15.9,果蔬蛋类,,,***华丽分割线***,44047,永辉超市-长江国际店,2007613122,康师傅包装饮用水 ,1.5L,酒水饮料,,1.7,,0.35
2018/3/1,47090,沃尔玛-宝山万达店,2003934520,包装甜玉米,400g,9.9,果蔬蛋类,,,***华丽分割线***,44047,永辉超市-长江国际店,2008213667,甜玉米(bravo）700±,50g/份,时令蔬菜,,11.9,,0.54
2018/3/1,47090,沃尔玛-宝山万达店,2003934520,包装甜玉米,400g,9.9,果蔬蛋类,,,***华丽分割线***,44047,永辉超市-长江国际店,2005553135,肉皮（包装） ,100g,蛋品杂粮,,9.9,,0.27
2018/3/1,47090,沃尔玛-宝山万达店,2003934520,包装甜玉米,400g,9.9,果蔬蛋类,,,***华丽分割线***,44047,永辉超市-长江国际店,2007613122,康师傅包装饮用水 ,1.5L,酒水饮料,,1.7,,0.23
2018/3/1,47090,沃尔玛-宝山万达店,2003137985,包装生姜,450g,9.9,果蔬蛋类,,,***华丽分割线***,44047,永辉超市-长江国际店,2005555493,生姜450±,50g/份,时令蔬菜,活动期间(02.07-02.13)每人限购10件,5.49,,0.48
2018/3/1,47090,沃尔玛-宝山万达店,2003137985,包装生姜,450g,9.9,果蔬蛋类,,,***华丽分割线***,44047,永辉超市-长江国际店,2010330030,白猫生姜洗洁精,1.1kg,日用百货,,11,,0.39
2018/3/1,47090,沃尔玛-宝山万达店,2003137985,包装生姜,450g,9.9,果蔬蛋类,,,***华丽分割线***,44047,永辉超市-长江国际店,2005554726,雕牌生姜洗洁精 ,1.5kg,日用百货,,11.9,,0.37
2018/3/1,47090,沃尔玛-宝山万达店,2003137971,包装生菜,300g,7.9,果蔬蛋类,,,***华丽分割线***,44047,永辉超市-长江国际店,2005553727,生菜(bravo）,400g/份,时令蔬菜,,7.5,,0.56
2018/3/1,47090,沃尔玛-宝山万达店,2003137971,包装生菜,300g,7.9,果蔬蛋类,,,***华丽分割线***,44047,永辉超市-长江国际店,2005553135,肉皮（包装） ,100g,蛋品杂粮,,9.9,,0.31
2018/3/1,47090,沃尔玛-宝山万达店,2003137971,包装生菜,300g,7.9,果蔬蛋类,,,***华丽分割线***,44047,永辉超市-长江国际店,2005553294,康师傅包装饮用水 ,550ML*12,酒水饮料,,8,,0.26
2018/3/1,47090,沃尔玛-宝山万达店,2003138127,包装白洋葱,500g,5.9,果蔬蛋类,,,***华丽分割线***,44047,永辉超市-长江国际店,2005555468,紫洋葱500±,30g/份,时令蔬菜,,3.9,,0.5
2018/3/1,47090,沃尔玛-宝山万达店,2003138127,包装白洋葱,500g,5.9,果蔬蛋类,,,***华丽分割线***,44047,永辉超市-长江国际店,2005553135,肉皮（包装） ,100g,蛋品杂粮,,9.9,,0.34
2018/3/1,47090,沃尔玛-宝山万达店,2003138127,包装白洋葱,500g,5.9,果蔬蛋类,,,***华丽分割线***,44047,永辉超市-长江国际店,2005553294,康师傅包装饮用水 ,550ML*12,酒水饮料,,8,,0.28
2018/3/1,47090,沃尔玛-宝山万达店,2011347427,包装白玉菇,150g,6,果蔬蛋类,,,***华丽分割线***,44047,永辉超市-长江国际店,2005553135,肉皮（包装） ,100g,蛋品杂粮,,9.9,,0.35
2018/3/1,47090,沃尔玛-宝山万达店,2011347427,包装白玉菇,150g,6,果蔬蛋类,,,***华丽分割线***,44047,永辉超市-长江国际店,2007613122,康师傅包装饮用水 ,1.5L,酒水饮料,,1.7,,0.29
2018/3/1,47090,沃尔玛-宝山万达店,2011347427,包装白玉菇,150g,6,果蔬蛋类,,,***华丽分割线***,44047,永辉超市-长江国际店,2005553294,康师傅包装饮用水 ,550ML*12,酒水饮料,,8,,0.29
2018/3/1,47090,沃尔玛-宝山万达店,2003138128,包装百合,100g,9.9,果蔬蛋类,,,***华丽分割线***,44047,永辉超市-长江国际店,2005553817,百合,100g/份,蛋品杂粮,,7.8,,0.77
2018/3/1,47090,沃尔玛-宝山万达店,2003138128,包装百合,100g,9.9,果蔬蛋类,,,***华丽分割线***,44047,永辉超市-长江国际店,2005553808,鲜百合,200g/份,时令蔬菜,,4.69,,0.77
2018/3/1,47090,沃尔玛-宝山万达店,2003138128,包装百合,100g,9.9,果蔬蛋类,,,***华丽分割线***,44047,永辉超市-长江国际店,2005553135,肉皮（包装） ,100g,蛋品杂粮,,9.9,,0.35
2018/3/1,47090,沃尔玛-宝山万达店,2004962756,包装皱皮椒,300g,7.9,果蔬蛋类,,,***华丽分割线***,44047,永辉超市-长江国际店,2005553135,肉皮（包装） ,100g,蛋品杂粮,,9.9,,0.29
2018/3/1,47090,沃尔玛-宝山万达店,2004962756,包装皱皮椒,300g,7.9,果蔬蛋类,,,***华丽分割线***,44047,永辉超市-长江国际店,2005553294,康师傅包装饮用水 ,550ML*12,酒水饮料,,8,,0.25
2018/3/1,47090,沃尔玛-宝山万达店,2004962756,包装皱皮椒,300g,7.9,果蔬蛋类,,,***华丽分割线***,44047,永辉超市-长江国际店,2007613122,康师傅包装饮用水 ,1.5L,酒水饮料,,1.7,,0.25
2018/3/1,47090,沃尔玛-宝山万达店,2003137962,包装粉柿,550g,7.9,果蔬蛋类,,,***华丽分割线***,44047,永辉超市-长江国际店,2005553135,肉皮（包装） ,100g,蛋品杂粮,,9.9,,0.29
2018/3/1,47090,沃尔玛-宝山万达店,2003137962,包装粉柿,550g,7.9,果蔬蛋类,,,***华丽分割线***,44047,永辉超市-长江国际店,2005553294,康师傅包装饮用水 ,550ML*12,酒水饮料,,8,,0.25
2018/3/1,47090,沃尔玛-宝山万达店,2003137962,包装粉柿,550g,7.9,果蔬蛋类,,,***华丽分割线***,44047,永辉超市-长江国际店,2007613122,康师傅包装饮用水 ,1.5L,酒水饮料,,1.7,,0.25
2018/3/1,47090,沃尔玛-宝山万达店,2009805330,包装紫甘蓝,500g,7.9,果蔬蛋类,,,***华丽分割线***,44047,永辉超市-长江国际店,2005553135,肉皮（包装） ,100g,蛋品杂粮,,9.9,,0.32
2018/3/1,47090,沃尔玛-宝山万达店,2009805330,包装紫甘蓝,500g,7.9,果蔬蛋类,,,***华丽分割线***,44047,永辉超市-长江国际店,2007613122,康师傅包装饮用水 ,1.5L,酒水饮料,,1.7,,0.27
2018/3/1,47090,沃尔玛-宝山万达店,2009805330,包装紫甘蓝,500g,7.9,果蔬蛋类,,,***华丽分割线***,44047,永辉超市-长江国际店,2005553294,康师傅包装饮用水 ,550ML*12,酒水饮料,,8,,0.27
2018/3/1,47090,沃尔玛-宝山万达店,2003935567,包装紫薯,700g,12.9,果蔬蛋类,,,***华丽分割线***,44047,永辉超市-长江国际店,2007760219,安井紫薯包 ,800g,日配冷藏,,17.6,,0.6
2018/3/1,47090,沃尔玛-宝山万达店,2003935567,包装紫薯,700g,12.9,果蔬蛋类,,,***华丽分割线***,44047,永辉超市-长江国际店,2006816075,银鹭好粥道紫薯紫米粥 ,280g,粮油调味,,4.2,,0.51
2018/3/1,47090,沃尔玛-宝山万达店,2003935567,包装紫薯,700g,12.9,果蔬蛋类,,,***华丽分割线***,44047,永辉超市-长江国际店,2010364542,徐福记沙琪玛谷谷棒燕麦紫薯味 ,320g,休闲零食,,24.9,,0.41
2018/3/1,47090,沃尔玛-宝山万达店,2003137978,包装红尖椒,200g,9.9,果蔬蛋类,,,***华丽分割线***,44047,永辉超市-长江国际店,2005553135,肉皮（包装） ,100g,蛋品杂粮,,9.9,,0.29
2018/3/1,47090,沃尔玛-宝山万达店,2003137978,包装红尖椒,200g,9.9,果蔬蛋类,,,***华丽分割线***,44047,永辉超市-长江国际店,2005553294,康师傅包装饮用水 ,550ML*12,酒水饮料,,8,,0.24
2018/3/1,47090,沃尔玛-宝山万达店,2003137978,包装红尖椒,200g,9.9,果蔬蛋类,,,***华丽分割线***,44047,永辉超市-长江国际店,2007613122,康师傅包装饮用水 ,1.5L,酒水饮料,,1.7,,0.24
2018/3/1,47090,沃尔玛-宝山万达店,2003137979,包装红洋葱,400g,5.9,果蔬蛋类,,,***华丽分割线***,44047,永辉超市-长江国际店,2005555468,紫洋葱500±,30g/份,时令蔬菜,,3.9,,0.5
2018/3/1,47090,沃尔玛-宝山万达店,2003137979,包装红洋葱,400g,5.9,果蔬蛋类,,,***华丽分割线***,44047,永辉超市-长江国际店,2005553135,肉皮（包装） ,100g,蛋品杂粮,,9.9,,0.34
2018/3/1,47090,沃尔玛-宝山万达店,2003137979,包装红洋葱,400g,5.9,果蔬蛋类,,,***华丽分割线***,44047,永辉超市-长江国际店,2005553294,康师傅包装饮用水 ,550ML*12,酒水饮料,,8,,0.28
2018/3/1,47090,沃尔玛-宝山万达店,2006809173,包装红色小番茄,450g,9.9,果蔬蛋类,,,***华丽分割线***,44047,永辉超市-长江国际店,2009882259,乐事无限田园番茄味,104g/盒,休闲零食,,9.5,,0.37
2018/3/1,47090,沃尔玛-宝山万达店,2006809173,包装红色小番茄,450g,9.9,果蔬蛋类,,,***华丽分割线***,44047,永辉超市-长江国际店,2010366090,过山车番茄味薯片,160g,休闲零食,,16.8,,0.36
2018/3/1,47090,沃尔玛-宝山万达店,2006809173,包装红色小番茄,450g,9.9,果蔬蛋类,,,***华丽分割线***,44047,永辉超市-长江国际店,2010844892,卧龙手工山药片（番茄味） ,180g,休闲零食,,15.8,,0.36
2018/3/1,47090,沃尔玛-宝山万达店,2006809176,包装红薯,700g,7.9,果蔬蛋类,,,***华丽分割线***,44047,永辉超市-长江国际店,2005555419,红薯粉条,500g/份,蛋品杂粮,,4.8,,0.51
2018/3/1,47090,沃尔玛-宝山万达店,2006809176,包装红薯,700g,7.9,果蔬蛋类,,,***华丽分割线***,44047,永辉超市-长江国际店,2010920979,百家彦红薯粉条 ,400g,蛋品杂粮,,6.5,,0.42
2018/3/1,47090,沃尔玛-宝山万达店,2006809176,包装红薯,700g,7.9,果蔬蛋类,,,***华丽分割线***,44047,永辉超市-长江国际店,2011097385,田趣红薯圈粉 ,450g,粮油调味,,12.8,,0.36
2018/3/1,47090,沃尔玛-宝山万达店,2004962443,包装线椒,150g,5.9,果蔬蛋类,,,***华丽分割线***,44047,永辉超市-长江国际店,2005553135,肉皮（包装） ,100g,蛋品杂粮,,9.9,,0.29
2018/3/1,47090,沃尔玛-宝山万达店,2004962443,包装线椒,150g,5.9,果蔬蛋类,,,***华丽分割线***,44047,永辉超市-长江国际店,2007613122,康师傅包装饮用水 ,1.5L,酒水饮料,,1.7,,0.25
2018/3/1,47090,沃尔玛-宝山万达店,2004962443,包装线椒,150g,5.9,果蔬蛋类,,,***华丽分割线***,44047,永辉超市-长江国际店,2005553294,康师傅包装饮用水 ,550ML*12,酒水饮料,,8,,0.25
2018/3/1,47090,沃尔玛-宝山万达店,2003137952,包装胡萝卜,550g,5.9,果蔬蛋类,,,***华丽分割线***,44047,永辉超市-长江国际店,2010365941,河马莉胡萝卜味贝儿米饼,28g,休闲零食,,21.9,,0.37
2018/3/1,47090,沃尔玛-宝山万达店,2003137952,包装胡萝卜,550g,5.9,果蔬蛋类,,,***华丽分割线***,44047,永辉超市-长江国际店,2005553135,肉皮（包装） ,100g,蛋品杂粮,,9.9,,0.36
2018/3/1,47090,沃尔玛-宝山万达店,2003137952,包装胡萝卜,550g,5.9,果蔬蛋类,,,***华丽分割线***,44047,永辉超市-长江国际店,2005553702,胡萝卜(bravo）600±,50g/份,时令蔬菜,,4.7,,0.35
2018/3/1,47090,沃尔玛-宝山万达店,2006809155,包装芥兰,300g,7.9,果蔬蛋类,,,***华丽分割线***,44047,永辉超市-长江国际店,2005553135,肉皮（包装） ,100g,蛋品杂粮,,9.9,,0.26
2018/3/1,47090,沃尔玛-宝山万达店,2006809155,包装芥兰,300g,7.9,果蔬蛋类,,,***华丽分割线***,44047,永辉超市-长江国际店,2007613122,康师傅包装饮用水 ,1.5L,酒水饮料,,1.7,,0.22
2018/3/1,47090,沃尔玛-宝山万达店,2006809155,包装芥兰,300g,7.9,果蔬蛋类,,,***华丽分割线***,44047,永辉超市-长江国际店,2005553294,康师傅包装饮用水 ,550ML*12,酒水饮料,,8,,0.22
2018/3/1,47090,沃尔玛-宝山万达店,2006809162,包装芦笋,200g,17.9,果蔬蛋类,,,***华丽分割线***,44047,永辉超市-长江国际店,2005553135,肉皮（包装） ,100g,蛋品杂粮,,9.9,,0.32
2018/3/1,47090,沃尔玛-宝山万达店,2006809162,包装芦笋,200g,17.9,果蔬蛋类,,,***华丽分割线***,44047,永辉超市-长江国际店,2007613122,康师傅包装饮用水 ,1.5L,酒水饮料,,1.7,,0.27
2018/3/1,47090,沃尔玛-宝山万达店,2006809162,包装芦笋,200g,17.9,果蔬蛋类,,,***华丽分割线***,44047,永辉超市-长江国际店,2005553294,康师傅包装饮用水 ,550ML*12,酒水饮料,,8,,0.27
2018/3/1,47090,沃尔玛-宝山万达店,2003137963,包装苦瓜,400g,13.9,果蔬蛋类,,,***华丽分割线***,44047,永辉超市-长江国际店,2005553135,肉皮（包装） ,100g,蛋品杂粮,,9.9,,0.33
2018/3/1,47090,沃尔玛-宝山万达店,2003137963,包装苦瓜,400g,13.9,果蔬蛋类,,,***华丽分割线***,44047,永辉超市-长江国际店,2005553294,康师傅包装饮用水 ,550ML*12,酒水饮料,,8,,0.27
2018/3/1,47090,沃尔玛-宝山万达店,2003137963,包装苦瓜,400g,13.9,果蔬蛋类,,,***华丽分割线***,44047,永辉超市-长江国际店,2007613122,康师傅包装饮用水 ,1.5L,酒水饮料,,1.7,,0.27
2018/3/1,47090,沃尔玛-宝山万达店,2003138069,包装茄子,350g,9.9,果蔬蛋类,,,***华丽分割线***,44047,永辉超市-长江国际店,2005553486,圆茄子500±,100g/份,时令蔬菜,,4.9,,0.48
2018/3/1,47090,沃尔玛-宝山万达店,2003138069,包装茄子,350g,9.9,果蔬蛋类,,,***华丽分割线***,44047,永辉超市-长江国际店,2005553135,肉皮（包装） ,100g,蛋品杂粮,,9.9,,0.35
2018/3/1,47090,沃尔玛-宝山万达店,2003138069,包装茄子,350g,9.9,果蔬蛋类,,,***华丽分割线***,44047,永辉超市-长江国际店,2007613122,康师傅包装饮用水 ,1.5L,酒水饮料,,1.7,,0.29
2018/3/1,47090,沃尔玛-宝山万达店,2003137986,包装蒜苔,300g,7.9,果蔬蛋类,,,***华丽分割线***,44047,永辉超市-长江国际店,2005555480,蒜苔约 ,300g/份,时令蔬菜,,4.99,,0.84
2018/3/1,47090,沃尔玛-宝山万达店,2003137986,包装蒜苔,300g,7.9,果蔬蛋类,,,***华丽分割线***,44047,永辉超市-长江国际店,2005553135,肉皮（包装） ,100g,蛋品杂粮,,9.9,,0.3
2018/3/1,47090,沃尔玛-宝山万达店,2003137986,包装蒜苔,300g,7.9,果蔬蛋类,,,***华丽分割线***,44047,永辉超市-长江国际店,2005553294,康师傅包装饮用水 ,550ML*12,酒水饮料,,8,,0.25
2018/3/1,47090,沃尔玛-宝山万达店,2011347432,包装蟹味菇,150g,6,果蔬蛋类,,,***华丽分割线***,44047,永辉超市-长江国际店,2005553135,肉皮（包装） ,100g,蛋品杂粮,,9.9,,0.29
2018/3/1,47090,沃尔玛-宝山万达店,2011347432,包装蟹味菇,150g,6,果蔬蛋类,,,***华丽分割线***,44047,永辉超市-长江国际店,2007613122,康师傅包装饮用水 ,1.5L,酒水饮料,,1.7,,0.25
2018/3/1,47090,沃尔玛-宝山万达店,2011347432,包装蟹味菇,150g,6,果蔬蛋类,,,***华丽分割线***,44047,永辉超市-长江国际店,2005553294,康师傅包装饮用水 ,550ML*12,酒水饮料,,8,,0.25
2018/3/1,47090,沃尔玛-宝山万达店,2003138068,包装西兰花 ,300g,7.9,果蔬蛋类,,,***华丽分割线***,44047,永辉超市-长江国际店,2005555471,西兰花450±,50g/份,时令蔬菜,活动期间(02.12-02.12)每人限购10件,4.9,,0.61
2018/3/1,47090,沃尔玛-宝山万达店,2003138068,包装西兰花 ,300g,7.9,果蔬蛋类,,,***华丽分割线***,44047,永辉超市-长江国际店,2005553135,肉皮（包装） ,100g,蛋品杂粮,,9.9,,0.29
2018/3/1,47090,沃尔玛-宝山万达店,2003138068,包装西兰花 ,300g,7.9,果蔬蛋类,,,***华丽分割线***,44047,永辉超市-长江国际店,2007613122,康师傅包装饮用水 ,1.5L,酒水饮料,,1.7,,0.24
2018/3/1,47090,沃尔玛-宝山万达店,2003138326,包装西红柿,350g,4.9,果蔬蛋类,,,***华丽分割线***,44047,永辉超市-长江国际店,2011287780,塑包西红柿面,1000g,粮油调味,,10.5,,0.48
2018/3/1,47090,沃尔玛-宝山万达店,2003138326,包装西红柿,350g,4.9,果蔬蛋类,,,***华丽分割线***,44047,永辉超市-长江国际店,2005555482,本地西红柿700±,50g/份,时令蔬菜,,6.9,,0.43
2018/3/1,47090,沃尔玛-宝山万达店,2003138326,包装西红柿,350g,4.9,果蔬蛋类,,,***华丽分割线***,44047,永辉超市-长江国际店,2011322798,康师傅西红柿鸡蛋打卤面,101g*5 101G*5,粮油调味,,11.5,,0.37
2018/3/1,47090,沃尔玛-宝山万达店,2009805331,包装西葫芦,400g,7.9,果蔬蛋类,,,***华丽分割线***,44047,永辉超市-长江国际店,2005555459,西葫芦350±,50g/份,时令蔬菜,,2.9,,0.6
2018/3/1,47090,沃尔玛-宝山万达店,2009805331,包装西葫芦,400g,7.9,果蔬蛋类,,,***华丽分割线***,44047,永辉超市-长江国际店,2005553135,肉皮（包装） ,100g,蛋品杂粮,,9.9,,0.29
2018/3/1,47090,沃尔玛-宝山万达店,2009805331,包装西葫芦,400g,7.9,果蔬蛋类,,,***华丽分割线***,44047,永辉超市-长江国际店,2005553294,康师傅包装饮用水 ,550ML*12,酒水饮料,,8,,0.24
2018/3/1,47090,沃尔玛-宝山万达店,2010227175,包装调味三宝 ,200g,5.9,果蔬蛋类,,,***华丽分割线***,44047,永辉超市-长江国际店,2005553135,肉皮（包装） ,100g,蛋品杂粮,,9.9,,0.27
2018/3/1,47090,沃尔玛-宝山万达店,2010227175,包装调味三宝 ,200g,5.9,果蔬蛋类,,,***华丽分割线***,44047,永辉超市-长江国际店,2011289722,金高调味海苔,36g（4g*9) 4g*9,休闲零食,,17.5,,0.27
2018/3/1,47090,沃尔玛-宝山万达店,2010227175,包装调味三宝 ,200g,5.9,果蔬蛋类,,,***华丽分割线***,44047,永辉超市-长江国际店,2007510926,茶花三组方便调味盒 2532,,日用百货,,11.5,,0.25
2018/3/1,47090,沃尔玛-宝山万达店,2003138125,包装铁棍山药,350g,9.9,果蔬蛋类,,,***华丽分割线***,44047,永辉超市-长江国际店,2009847962,毛山药500±,50g/份,时令蔬菜,,6.8,,0.37
2018/3/1,47090,沃尔玛-宝山万达店,2003138125,包装铁棍山药,350g,9.9,果蔬蛋类,,,***华丽分割线***,44047,永辉超市-长江国际店,2010844734,卧龙手工山药烧烤味 ,180g,休闲零食,,15.8,,0.31
2018/3/1,47090,沃尔玛-宝山万达店,2003138125,包装铁棍山药,350g,9.9,果蔬蛋类,,,***华丽分割线***,44047,永辉超市-长江国际店,2005553135,肉皮（包装） ,100g,蛋品杂粮,,9.9,,0.26
2018/3/1,47090,沃尔玛-宝山万达店,2003137984,包装青圆椒,300g,5.9,果蔬蛋类,,,***华丽分割线***,44047,永辉超市-长江国际店,2005553135,肉皮（包装） ,100g,蛋品杂粮,,9.9,,0.29
2018/3/1,47090,沃尔玛-宝山万达店,2003137984,包装青圆椒,300g,5.9,果蔬蛋类,,,***华丽分割线***,44047,永辉超市-长江国际店,2007613122,康师傅包装饮用水 ,1.5L,酒水饮料,,1.7,,0.25
2018/3/1,47090,沃尔玛-宝山万达店,2003137984,包装青圆椒,300g,5.9,果蔬蛋类,,,***华丽分割线***,44047,永辉超市-长江国际店,2005553294,康师傅包装饮用水 ,550ML*12,酒水饮料,,8,,0.25
2018/3/1,47090,沃尔玛-宝山万达店,2003137983,包装青蒜,200g,5.9,果蔬蛋类,,,***华丽分割线***,44047,永辉超市-长江国际店,2005553135,肉皮（包装） ,100g,蛋品杂粮,,9.9,,0.26
2018/3/1,47090,沃尔玛-宝山万达店,2003137983,包装青蒜,200g,5.9,果蔬蛋类,,,***华丽分割线***,44047,永辉超市-长江国际店,2007613122,康师傅包装饮用水 ,1.5L,酒水饮料,,1.7,,0.22
2018/3/1,47090,沃尔玛-宝山万达店,2003137983,包装青蒜,200g,5.9,果蔬蛋类,,,***华丽分割线***,44047,永辉超市-长江国际店,2005553294,康师傅包装饮用水 ,550ML*12,酒水饮料,,8,,0.22
2018/3/1,47090,沃尔玛-宝山万达店,2003138129,包装香菜,50g,4.9,果蔬蛋类,,,***华丽分割线***,44047,永辉超市-长江国际店,2008293613,香菜(bravo）,100g/份,时令蔬菜,,2.8,,0.54
2018/3/1,47090,沃尔玛-宝山万达店,2003138129,包装香菜,50g,4.9,果蔬蛋类,,,***华丽分割线***,44047,永辉超市-长江国际店,2005553442,吉香居香菜心 ,266g,粮油调味,,9.9,,0.54
2018/3/1,47090,沃尔玛-宝山万达店,2003138129,包装香菜,50g,4.9,果蔬蛋类,,,***华丽分割线***,44047,永辉超市-长江国际店,2005553135,肉皮（包装） ,100g,蛋品杂粮,,9.9,,0.32
2018/3/1,47090,沃尔玛-宝山万达店,2006809177,包装马蹄,500g,9.9,果蔬蛋类,,,***华丽分割线***,44047,永辉超市-长江国际店,2005553135,肉皮（包装） ,100g,蛋品杂粮,,9.9,,0.36
2018/3/1,47090,沃尔玛-宝山万达店,2006809177,包装马蹄,500g,9.9,果蔬蛋类,,,***华丽分割线***,44047,永辉超市-长江国际店,2011877298,御食园脆马蹄,150g,休闲零食,,7.9,,0.34
2018/3/1,47090,沃尔玛-宝山万达店,2006809177,包装马蹄,500g,9.9,果蔬蛋类,,,***华丽分割线***,44047,永辉超市-长江国际店,2005553294,康师傅包装饮用水 ,550ML*12,酒水饮料,,8,,0.31
2018/3/1,47090,沃尔玛-宝山万达店,2003138133,包装黄瓜,400g,7.9,果蔬蛋类,,,***华丽分割线***,44047,永辉超市-长江国际店,2009882623,乐事黄瓜味 ,160g,蛋品杂粮,,11.9,,0.5
2018/3/1,47090,沃尔玛-宝山万达店,2003138133,包装黄瓜,400g,7.9,果蔬蛋类,,,***华丽分割线***,44047,永辉超市-长江国际店,2006815481,黄瓜鱼（冰）600±,100g/份,海鲜荟萃,,23.9,,0.46
2018/3/1,47090,沃尔玛-宝山万达店,2003138133,包装黄瓜,400g,7.9,果蔬蛋类,,,***华丽分割线***,44047,永辉超市-长江国际店,2008518426,荷兰黄瓜(bravo）,500g/份,时令蔬菜,,7.9,,0.42
2018/3/1,47090,沃尔玛-宝山万达店,2003138134,包装黄秋葵,200g,12.9,果蔬蛋类,,,***华丽分割线***,44047,永辉超市-长江国际店,2005553135,肉皮（包装） ,100g,蛋品杂粮,,9.9,,0.29
2018/3/1,47090,沃尔玛-宝山万达店,2003138134,包装黄秋葵,200g,12.9,果蔬蛋类,,,***华丽分割线***,44047,永辉超市-长江国际店,2005553294,康师傅包装饮用水 ,550ML*12,酒水饮料,,8,,0.25
2018/3/1,47090,沃尔玛-宝山万达店,2003138134,包装黄秋葵,200g,12.9,果蔬蛋类,,,***华丽分割线***,44047,永辉超市-长江国际店,2007613122,康师傅包装饮用水 ,1.5L,酒水饮料,,1.7,,0.25
2018/3/1,47090,沃尔玛-宝山万达店,2004749572,卷心菜,1kg,2.7,果蔬蛋类,,,***华丽分割线***,44047,永辉超市-长江国际店,2009486877,【海报热卖】心相印三层手帕纸 ,10包,日用百货,,4.8,,0
2018/3/1,47090,沃尔玛-宝山万达店,2004749572,卷心菜,1kg,2.7,果蔬蛋类,,,***华丽分割线***,44047,永辉超市-长江国际店,2010112595,乌江凉拌海带丝（鲜香味）,70g,粮油调味,,2.9,,0
2018/3/1,47090,沃尔玛-宝山万达店,2004749572,卷心菜,1kg,2.7,果蔬蛋类,,,***华丽分割线***,44047,永辉超市-长江国际店,2007510955,爱家空气清新剂(茉莉) ,320ml,日用百货,,10.6,,0
2018/3/1,47090,沃尔玛-宝山万达店,2007165601,台湾盒装莲雾,360g,35.8,果蔬蛋类,,,***华丽分割线***,44047,永辉超市-长江国际店,2005554060,莲雾 ,80g/个,新鲜水果,活动期间(02.12-02.12)每人限购10件,3.99,,0.72
2018/3/1,47090,沃尔玛-宝山万达店,2007165601,台湾盒装莲雾,360g,35.8,果蔬蛋类,,,***华丽分割线***,44047,永辉超市-长江国际店,2006817052,盒装草莓 盒,,新鲜水果,,22.99,,0.48
2018/3/1,47090,沃尔玛-宝山万达店,2007165601,台湾盒装莲雾,360g,35.8,果蔬蛋类,,,***华丽分割线***,44047,永辉超市-长江国际店,2009417537,维达盒装纸面巾 ,130抽*3盒,日用百货,,22.9,,0.37
2018/3/1,47090,沃尔玛-宝山万达店,2007165602,台湾芭乐,500g,17.8,果蔬蛋类,,,***华丽分割线***,44047,永辉超市-长江国际店,2005553390,安井台湾风味葱香味手抓饼 ,900g,日配冷藏,,19.8,,0.14
2018/3/1,47090,沃尔玛-宝山万达店,2007165602,台湾芭乐,500g,17.8,果蔬蛋类,,,***华丽分割线***,44047,永辉超市-长江国际店,2005555050,安井台湾风味原味手抓饼 ,900g,粮油调味,,19.8,,0.13
2018/3/1,47090,沃尔玛-宝山万达店,2007165602,台湾芭乐,500g,17.8,果蔬蛋类,,,***华丽分割线***,44047,永辉超市-长江国际店,2011077079,香约台湾奶茶香芋味,72g,酒水饮料,,3.5,,0.12
2018/3/1,47090,沃尔玛-宝山万达店,2007165603,台湾蜜释迦 ,800g,59.8,果蔬蛋类,,,***华丽分割线***,44047,永辉超市-长江国际店,2005553390,安井台湾风味葱香味手抓饼 ,900g,日配冷藏,,19.8,,0.18
2018/3/1,47090,沃尔玛-宝山万达店,2007165603,台湾蜜释迦 ,800g,59.8,果蔬蛋类,,,***华丽分割线***,44047,永辉超市-长江国际店,2011077079,香约台湾奶茶香芋味,72g,酒水饮料,,3.5,,0.16
2018/3/1,47090,沃尔玛-宝山万达店,2007165603,台湾蜜释迦 ,800g,59.8,果蔬蛋类,,,***华丽分割线***,44047,永辉超市-长江国际店,2005555050,安井台湾风味原味手抓饼 ,900g,粮油调味,,19.8,,0.16
2018/3/1,47090,沃尔玛-宝山万达店,2004725093,国产黄柠檬 ,4个 约300g,8.8,果蔬蛋类,,,***华丽分割线***,44047,永辉超市-长江国际店,2005554388,国产柠檬,90g/个,新鲜水果,,2.9,,1
2018/3/1,47090,沃尔玛-宝山万达店,2004725093,国产黄柠檬 ,4个 约300g,8.8,果蔬蛋类,,,***华丽分割线***,44047,永辉超市-长江国际店,2007510283,锐澳听柠檬味,500ml/听,酒水饮料,,7.9,,0.48
2018/3/1,47090,沃尔玛-宝山万达店,2004725093,国产黄柠檬 ,4个 约300g,8.8,果蔬蛋类,,,***华丽分割线***,44047,永辉超市-长江国际店,2006492920,农夫山泉茶π柠檬红茶 ,500ml,酒水饮料,,4.8,,0.47
2018/3/1,47090,沃尔玛-宝山万达店,2004749575,土豆,2个 约550g,3,果蔬蛋类,,,***华丽分割线***,44047,永辉超市-长江国际店,2006817058,土豆(bravo）,400g/份,时令蔬菜,,3.5,,0.59
2018/3/1,47090,沃尔玛-宝山万达店,2004749575,土豆,2个 约550g,3,果蔬蛋类,,,***华丽分割线***,44047,永辉超市-长江国际店,2009880346,好丽友呀!土豆里脊牛排味薯条 ,40g,休闲零食,,3.8,,0.35
2018/3/1,47090,沃尔玛-宝山万达店,2004749575,土豆,2个 约550g,3,果蔬蛋类,,,***华丽分割线***,44047,永辉超市-长江国际店,2009086153,好丽友呀!土豆薯条里脊牛排味 ,70g,休闲零食,,6.2,,0.35
2018/3/1,47090,沃尔玛-宝山万达店,2006613360,埃及橙,1kg,13.9,果蔬蛋类,,,***华丽分割线***,44047,永辉超市-长江国际店,2010863362,好人家老坛酸菜鱼调料,360g,粮油调味,,15.8,,0
2018/3/1,47090,沃尔玛-宝山万达店,2006613360,埃及橙,1kg,13.9,果蔬蛋类,,,***华丽分割线***,44047,永辉超市-长江国际店,2011287971,百草舒,180抽塑装面巾 QR120A,日用百货,,15.5,,0
2018/3/1,47090,沃尔玛-宝山万达店,2006613360,埃及橙,1kg,13.9,果蔬蛋类,,,***华丽分割线***,44047,永辉超市-长江国际店,2005553124,鲁花压榨一级花生油 ,4L,粮油调味,,101.9,,0
2018/3/1,47090,沃尔玛-宝山万达店,2004749569,大白菜 ,2.5kg,6.7,果蔬蛋类,,,***华丽分割线***,44047,永辉超市-长江国际店,2005553189,龙凤猪肉大白菜水饺（速冻） ,690g,日配冷藏,,23.9,,0.44
2018/3/1,47090,沃尔玛-宝山万达店,2004749569,大白菜 ,2.5kg,6.7,果蔬蛋类,,,***华丽分割线***,44047,永辉超市-长江国际店,2007661931,华味亨小核桃仁 ,138g,蛋品杂粮,,53.5,,0
2018/3/1,47090,沃尔玛-宝山万达店,2004749569,大白菜 ,2.5kg,6.7,果蔬蛋类,,,***华丽分割线***,44047,永辉超市-长江国际店,2005553640,农夫山泉茶π西柚茉莉花茶 ,500ml,酒水饮料,,4.8,,0
2018/3/1,47090,沃尔玛-宝山万达店,2011347414,大葱,300g,3.8,果蔬蛋类,,,***华丽分割线***,44047,永辉超市-长江国际店,2005555481,大葱,500g/份,时令蔬菜,,4.9,,1
2018/3/1,47090,沃尔玛-宝山万达店,2011347414,大葱,300g,3.8,果蔬蛋类,,,***华丽分割线***,44047,永辉超市-长江国际店,2009086848,思念儿童成长营养虾仁玉米水饺,210g,日配冷藏,,22.8,,0
2018/3/1,47090,沃尔玛-宝山万达店,2011347414,大葱,300g,3.8,果蔬蛋类,,,***华丽分割线***,44047,永辉超市-长江国际店,2005554080,椰皇 /个,,新鲜水果,,7.9,,0
2018/3/1,47090,沃尔玛-宝山万达店,2008308058,小青柠桔盒装,250g,13.8,果蔬蛋类,,,***华丽分割线***,44047,永辉超市-长江国际店,2006817052,盒装草莓 盒,,新鲜水果,,22.99,,0.47
2018/3/1,47090,沃尔玛-宝山万达店,2008308058,小青柠桔盒装,250g,13.8,果蔬蛋类,,,***华丽分割线***,44047,永辉超市-长江国际店,2009417537,维达盒装纸面巾 ,130抽*3盒,日用百货,,22.9,,0.36
2018/3/1,47090,沃尔玛-宝山万达店,2008308058,小青柠桔盒装,250g,13.8,果蔬蛋类,,,***华丽分割线***,44047,永辉超市-长江国际店,2011290153,徐福记芊层酥香葱味盒装,144g,休闲零食,,10.9,,0.32
2018/3/1,47090,沃尔玛-宝山万达店,2004749401,山东富士(80) ,4个约1kg,12.6,果蔬蛋类,,,***华丽分割线***,44047,永辉超市-长江国际店,2011214156,金富士特浓牛乳饼,500g,休闲零食,,14.6,,0.34
2018/3/1,47090,沃尔玛-宝山万达店,2004749401,山东富士(80) ,4个约1kg,12.6,果蔬蛋类,,,***华丽分割线***,44047,永辉超市-长江国际店,2010226536,金富士脆美司番茄棒饼干 ,384g,休闲零食,,15.8,,0.31
2018/3/1,47090,沃尔玛-宝山万达店,2004749401,山东富士(80) ,4个约1kg,12.6,果蔬蛋类,,,***华丽分割线***,44047,永辉超市-长江国际店,2005553501,金富士脆美司蔬菜味棒饼干 ,384g,休闲零食,,15.8,,0.28
2018/3/1,47090,沃尔玛-宝山万达店,2003118413,德青源 A级鲜鸡蛋 ,750g（15枚 ）,17.9,果蔬蛋类,,,***华丽分割线***,44047,永辉超市-长江国际店,2005555426,土鸡蛋 ,15枚/份,蛋品杂粮,,12.9,,0.41
2018/3/1,47090,沃尔玛-宝山万达店,2003118413,德青源 A级鲜鸡蛋 ,750g（15枚 ）,17.9,果蔬蛋类,,,***华丽分割线***,44047,永辉超市-长江国际店,2005553614,波力鸡蛋卷 ,216g,休闲零食,,27.8,,0.23
2018/3/1,47090,沃尔玛-宝山万达店,2003118413,德青源 A级鲜鸡蛋 ,750g（15枚 ）,17.9,果蔬蛋类,,,***华丽分割线***,44047,永辉超市-长江国际店,2009345483,雪羽鹤鸡蛋面 ,1kg/包,粮油调味,,4.9,,0.22
2018/3/1,47090,沃尔玛-宝山万达店,2003118411,德青源 安全鸡蛋,20枚 1kg,27.8,果蔬蛋类,,,***华丽分割线***,44047,永辉超市-长江国际店,2005555426,土鸡蛋 ,15枚/份,蛋品杂粮,,12.9,,0.5
2018/3/1,47090,沃尔玛-宝山万达店,2003118411,德青源 安全鸡蛋,20枚 1kg,27.8,果蔬蛋类,,,***华丽分割线***,44047,永辉超市-长江国际店,2005553614,波力鸡蛋卷 ,216g,休闲零食,,27.8,,0.28
2018/3/1,47090,沃尔玛-宝山万达店,2003118411,德青源 安全鸡蛋,20枚 1kg,27.8,果蔬蛋类,,,***华丽分割线***,44047,永辉超市-长江国际店,2009345483,雪羽鹤鸡蛋面 ,1kg/包,粮油调味,,4.9,,0.27
2018/3/1,47090,沃尔玛-宝山万达店,2006498579,悠然金艳奇异果 ,1个 约90g,2.6,果蔬蛋类,,,***华丽分割线***,44047,永辉超市-长江国际店,2005555406,新西兰金奇异果120±,10g/1个,新鲜水果,,9.9,,0.4
2018/3/1,47090,沃尔玛-宝山万达店,2006498579,悠然金艳奇异果 ,1个 约90g,2.6,果蔬蛋类,,,***华丽分割线***,44047,永辉超市-长江国际店,2008553180,佳沛绿奇异果（bravo) ,6粒/份,新鲜水果,,29.9,,0.36
2018/3/1,47090,沃尔玛-宝山万达店,2006498579,悠然金艳奇异果 ,1个 约90g,2.6,果蔬蛋类,,,***华丽分割线***,44047,永辉超市-长江国际店,2007631666,奇亚籽荔枝味饮料 ,290ml/瓶,酒水饮料,,11.8,,0
2018/3/1,47090,沃尔玛-宝山万达店,2010917601,惠宜 安心保洁蛋 ,750g（15枚）,12.9,果蔬蛋类,,,***华丽分割线***,44047,永辉超市-长江国际店,2007164419,苏菲超熟睡安心裤裤型卫生巾 ,2P,清洁美妆,,9.8,,0.14
2018/3/1,47090,沃尔玛-宝山万达店,2010917601,惠宜 安心保洁蛋 ,750g（15枚）,12.9,果蔬蛋类,,,***华丽分割线***,44047,永辉超市-长江国际店,2012279756,上好佳什锦硬糖,100g,休闲零食,,3.5,,0
2018/3/1,47090,沃尔玛-宝山万达店,2010917601,惠宜 安心保洁蛋 ,750g（15枚）,12.9,果蔬蛋类,,,***华丽分割线***,44047,永辉超市-长江国际店,2009211519,华味亨珍珠李 ,180g,休闲零食,,8.5,,0
2018/3/1,47090,沃尔玛-宝山万达店,2004749398,新疆香梨 ,10个 约1.2kg,15.1,果蔬蛋类,,,***华丽分割线***,44047,永辉超市-长江国际店,2005554088,香梨,700g/份,新鲜水果,,7.99,,0.87
2018/3/1,47090,沃尔玛-宝山万达店,2004749398,新疆香梨 ,10个 约1.2kg,15.1,果蔬蛋类,,,***华丽分割线***,44047,永辉超市-长江国际店,2005555416,新疆核桃 500±,50g/份,休闲零食,,22.9,,0.2
2018/3/1,47090,沃尔玛-宝山万达店,2004749398,新疆香梨 ,10个 约1.2kg,15.1,果蔬蛋类,,,***华丽分割线***,44047,永辉超市-长江国际店,2010782903,客归新疆哈密酥酥枣,168g,休闲零食,,3.5,,0.2
2018/3/1,47090,沃尔玛-宝山万达店,2003935568,昶裕隆 包装广东菜心 ,300g,7.9,果蔬蛋类,,,***华丽分割线***,44047,永辉超市-长江国际店,2005553135,肉皮（包装） ,100g,蛋品杂粮,,9.9,,0.22
2018/3/1,47090,沃尔玛-宝山万达店,2003935568,昶裕隆 包装广东菜心 ,300g,7.9,果蔬蛋类,,,***华丽分割线***,44047,永辉超市-长江国际店,2007613122,康师傅包装饮用水 ,1.5L,酒水饮料,,1.7,,0.18
2018/3/1,47090,沃尔玛-宝山万达店,2003935568,昶裕隆 包装广东菜心 ,300g,7.9,果蔬蛋类,,,***华丽分割线***,44047,永辉超市-长江国际店,2005553294,康师傅包装饮用水 ,550ML*12,酒水饮料,,8,,0.18
2018/3/1,47090,沃尔玛-宝山万达店,2009480148,木瓜,600g,13.8,果蔬蛋类,,,***华丽分割线***,44047,永辉超市-长江国际店,2010654975,舒肤佳童趣装木瓜香型沐浴露 ,400ml,清洁美妆,,26.9,,0.38
2018/3/1,47090,沃尔玛-宝山万达店,2009480148,木瓜,600g,13.8,果蔬蛋类,,,***华丽分割线***,44047,永辉超市-长江国际店,2005554741,蓝月亮芦荟洗手液 ,500g*2/瓶,清洁美妆,,19.9,,0
2018/3/1,47090,沃尔玛-宝山万达店,2009480148,木瓜,600g,13.8,果蔬蛋类,,,***华丽分割线***,44047,永辉超市-长江国际店,2010411067,伊利褐色炭烧风味发酵乳,200g,日配冷藏,,6,,0
2018/3/1,47090,沃尔玛-宝山万达店,2003593391,比利时进口 啤梨 ,1盒 约600g,23.8,果蔬蛋类,,,***华丽分割线***,44047,永辉超市-长江国际店,2005555207,进口香蕉,1kg/份,新鲜水果,,10.9,,0.25
2018/3/1,47090,沃尔玛-宝山万达店,2003593391,比利时进口 啤梨 ,1盒 约600g,23.8,果蔬蛋类,,,***华丽分割线***,44047,永辉超市-长江国际店,2005555400,进口佳丽果,700g/份,新鲜水果,,19.8,,0.2
2018/3/1,47090,沃尔玛-宝山万达店,2003593391,比利时进口 啤梨 ,1盒 约600g,23.8,果蔬蛋类,,,***华丽分割线***,44047,永辉超市-长江国际店,2005555204,进口红宝石西柚,400g±50g/份,新鲜水果,,12.8,,0.15
2018/3/1,47090,沃尔玛-宝山万达店,2004749410,水晶梨 ,4个 约1kg,6.3,果蔬蛋类,,,***华丽分割线***,44047,永辉超市-长江国际店,2008557037,皇冠水晶梨（bravo） ,2个装/盒,新鲜水果,,5.9,,0.47
2018/3/1,47090,沃尔玛-宝山万达店,2004749410,水晶梨 ,4个 约1kg,6.3,果蔬蛋类,,,***华丽分割线***,44047,永辉超市-长江国际店,2008065925,华浦阳光独立水晶紫薯仔,450g/袋,休闲零食,,14,,0.37
2018/3/1,47090,沃尔玛-宝山万达店,2004749410,水晶梨 ,4个 约1kg,6.3,果蔬蛋类,,,***华丽分割线***,44047,永辉超市-长江国际店,2005554498,湾仔码头水晶汤圆黑芝麻 ,300g,海报促销,,18.9,,0.36
2018/3/1,47090,沃尔玛-宝山万达店,2006800810,水晶红富士 ,4个 约1kg,18.7,果蔬蛋类,,,***华丽分割线***,44047,永辉超市-长江国际店,2006817487,陕西红富士900±,100g/份,新鲜水果,,16,,0.59
2018/3/1,47090,沃尔玛-宝山万达店,2006800810,水晶红富士 ,4个 约1kg,18.7,果蔬蛋类,,,***华丽分割线***,44047,永辉超市-长江国际店,2008165790,山东红富士900±,100g/份,新鲜水果,,11.9,,0.59
2018/3/1,47090,沃尔玛-宝山万达店,2006800810,水晶红富士 ,4个 约1kg,18.7,果蔬蛋类,,,***华丽分割线***,44047,永辉超市-长江国际店,2008557037,皇冠水晶梨（bravo） ,2个装/盒,新鲜水果,,5.9,,0.25
2018/3/1,47090,沃尔玛-宝山万达店,2006170391,油麦菜,500g,6.3,果蔬蛋类,,,***华丽分割线***,44047,永辉超市-长江国际店,2005554397,油麦菜,400g/份,时令蔬菜,,5.38,,1
2018/3/1,47090,沃尔玛-宝山万达店,2006170391,油麦菜,500g,6.3,果蔬蛋类,,,***华丽分割线***,44047,永辉超市-长江国际店,2010365623,清净园淳昌酸甜辣椒酱,170g,粮油调味,,13.9,,0
2018/3/1,47090,沃尔玛-宝山万达店,2006170391,油麦菜,500g,6.3,果蔬蛋类,,,***华丽分割线***,44047,永辉超市-长江国际店,2006492678,苏菲温柔肌纤巧230日用卫生巾 ,20P,日用百货,,34.9,,0
2018/3/1,47090,沃尔玛-宝山万达店,2003582237,牛油果 ,1个 约120g,7.9,果蔬蛋类,,,***华丽分割线***,44047,永辉超市-长江国际店,2005553264,牛油果150±,30g/个,新鲜水果,,14.9,,0.72
2018/3/1,47090,沃尔玛-宝山万达店,2003582237,牛油果 ,1个 约120g,7.9,果蔬蛋类,,,***华丽分割线***,44047,永辉超市-长江国际店,2010330722,淳萃牛油果润损伤修护洗发水,400ml,清洁美妆,,38,,0.51
2018/3/1,47090,沃尔玛-宝山万达店,2003582237,牛油果 ,1个 约120g,7.9,果蔬蛋类,,,***华丽分割线***,44047,永辉超市-长江国际店,2012149727,蒙牛冠益乳藜麦燕麦牛油果 ,100g*3,日配冷藏,,17.7,,0.5
2018/3/1,47090,沃尔玛-宝山万达店,2011402029,生菜1把,300g,3.8,果蔬蛋类,,,***华丽分割线***,44047,永辉超市-长江国际店,2005553727,生菜(bravo）,400g/份,时令蔬菜,,7.5,,0.68
2018/3/1,47090,沃尔玛-宝山万达店,2011402029,生菜1把,300g,3.8,果蔬蛋类,,,***华丽分割线***,44047,永辉超市-长江国际店,2008743562,苏菲丝薄柔滑护垫（无香型） ,40片,清洁美妆,,6.9,,0
2018/3/1,47090,沃尔玛-宝山万达店,2011402029,生菜1把,300g,3.8,果蔬蛋类,,,***华丽分割线***,44047,永辉超市-长江国际店,2008766532,伊利高钙奶 ,250ml*24,日配冷藏,,55.8,,0
2018/3/1,47090,沃尔玛-宝山万达店,2004749571,白萝卜,1.5kg,8.1,果蔬蛋类,,,***华丽分割线***,44047,永辉超市-长江国际店,2005555478,白萝卜,850g±100/根,时令蔬菜,活动期间(02.12-02.12)每人限购10件,2.99,,1
2018/3/1,47090,沃尔玛-宝山万达店,2004749571,白萝卜,1.5kg,8.1,果蔬蛋类,,,***华丽分割线***,44047,永辉超市-长江国际店,2011094916,田趣枸杞甲级 ,200g,蛋品杂粮,,22.8,,0
2018/3/1,47090,沃尔玛-宝山万达店,2004749571,白萝卜,1.5kg,8.1,果蔬蛋类,,,***华丽分割线***,44047,永辉超市-长江国际店,2006816124,黑人专研护龈牙刷软毛,,日用百货,,13.5,,0
2018/3/1,47090,沃尔玛-宝山万达店,2004749539,皇冠蜜梨 ,4个 约1.2kg,10,果蔬蛋类,,,***华丽分割线***,44047,永辉超市-长江国际店,2008557037,皇冠水晶梨（bravo） ,2个装/盒,新鲜水果,,5.9,,0.31
2018/3/1,47090,沃尔玛-宝山万达店,2004749539,皇冠蜜梨 ,4个 约1.2kg,10,果蔬蛋类,,,***华丽分割线***,44047,永辉超市-长江国际店,2005555227,皇冠丹麦曲奇（饼干） ,90g,休闲零食,,10.5,,0.26
2018/3/1,47090,沃尔玛-宝山万达店,2004749539,皇冠蜜梨 ,4个 约1.2kg,10,果蔬蛋类,,,***华丽分割线***,44047,永辉超市-长江国际店,2005554515,皇冠丹麦曲奇（饼干） ,908g,休闲零食,,97,,0.26
2018/3/1,47090,沃尔玛-宝山万达店,2003118419,神丹 鲜鹌鹑蛋,24枚 210g,14.9,果蔬蛋类,,,***华丽分割线***,44047,永辉超市-长江国际店,2005554974,家乐氏香脆麦米片 ,205g,酒水饮料,,25.8,,0
2018/3/1,47090,沃尔玛-宝山万达店,2003118419,神丹 鲜鹌鹑蛋,24枚 210g,14.9,果蔬蛋类,,,***华丽分割线***,44047,永辉超市-长江国际店,2009490407,力士菁油染烫修护柔亮洗发乳 ,750ml,清洁美妆,,59.9,,0
2018/3/1,47090,沃尔玛-宝山万达店,2003118419,神丹 鲜鹌鹑蛋,24枚 210g,14.9,果蔬蛋类,,,***华丽分割线***,44047,永辉超市-长江国际店,2007631697,橙奈儿100%脐橙汁 ,1L,酒水饮料,活动期间(02.07-02.15)每人限购9999件,12.8,,0
2018/3/1,47090,沃尔玛-宝山万达店,2006706354,神丹 鹌鹑皮蛋,24枚 168g,18.9,果蔬蛋类,,,***华丽分割线***,44047,永辉超市-长江国际店,2008309298,黑人专研护龈双支特惠装牙膏 ,120g*2,海报促销,,33.9,,0
2018/3/1,47090,沃尔玛-宝山万达店,2006706354,神丹 鹌鹑皮蛋,24枚 168g,18.9,果蔬蛋类,,,***华丽分割线***,44047,永辉超市-长江国际店,2011197801,香满园芝麻油,400ml,粮油调味,,22.5,,0
2018/3/1,47090,沃尔玛-宝山万达店,2006706354,神丹 鹌鹑皮蛋,24枚 168g,18.9,果蔬蛋类,,,***华丽分割线***,44047,永辉超市-长江国际店,2010538073,安井仿蟹柳 130±,20g/包,日配冷藏,,5.5,,0
2018/3/1,47090,沃尔玛-宝山万达店,2011469636,精品金桔,500g,10.5,果蔬蛋类,,,***华丽分割线***,44047,永辉超市-长江国际店,2005555392,小金桔800±,50g/份,新鲜水果,活动期间(02.07-02.13)每人限购10件,14.9,,0.59
2018/3/1,47090,沃尔玛-宝山万达店,2011469636,精品金桔,500g,10.5,果蔬蛋类,,,***华丽分割线***,44047,永辉超市-长江国际店,2009910624,立白新金桔洗洁精 ,5.0kg,清洁美妆,,34.9,,0.48
2018/3/1,47090,沃尔玛-宝山万达店,2011469636,精品金桔,500g,10.5,果蔬蛋类,,,***华丽分割线***,44047,永辉超市-长江国际店,2006825486,立白新金桔洗洁精 ,1290g,日用百货,,12.5,,0.48
2018/3/1,47090,沃尔玛-宝山万达店,2011469604,美国进口橙,1kg,24.8,果蔬蛋类,,,***华丽分割线***,44047,永辉超市-长江国际店,2005553776,劲仔小鱼(香辣味),50g,海报促销,,6.9,,0
2018/3/1,47090,沃尔玛-宝山万达店,2011469604,美国进口橙,1kg,24.8,果蔬蛋类,,,***华丽分割线***,44047,永辉超市-长江国际店,2010174722,蓝月亮自然亮白增艳洗衣液,1kg,日用百货,,16.9,,0
2018/3/1,47090,沃尔玛-宝山万达店,2011469604,美国进口橙,1kg,24.8,果蔬蛋类,,,***华丽分割线***,44047,永辉超市-长江国际店,2010945224,碧润迷你加湿器白色 BR-01,,日用百货,,39,,0
2018/3/1,47090,沃尔玛-宝山万达店,2011206286,草莓(盒装) ,250g,23.8,果蔬蛋类,,,***华丽分割线***,44047,永辉超市-长江国际店,2006817052,盒装草莓 盒,,新鲜水果,,22.99,,1
2018/3/1,47090,沃尔玛-宝山万达店,2011206286,草莓(盒装) ,250g,23.8,果蔬蛋类,,,***华丽分割线***,44047,永辉超市-长江国际店,2009417537,维达盒装纸面巾 ,130抽*3盒,日用百货,,22.9,,0.46
2018/3/1,47090,沃尔玛-宝山万达店,2011206286,草莓(盒装) ,250g,23.8,果蔬蛋类,,,***华丽分割线***,44047,永辉超市-长江国际店,2005553343,徐福记草莓酥 ,184g,休闲零食,,10.9,,0.45
2018/3/1,47090,沃尔玛-宝山万达店,2005650077,莴笋 1根约,1kg,5.8,果蔬蛋类,,,***华丽分割线***,44047,永辉超市-长江国际店,2007510441,清风乐逸古龙清香手帕纸 ,12包,日用百货,,8.6,,0
2018/3/1,47090,沃尔玛-宝山万达店,2005650077,莴笋 1根约,1kg,5.8,果蔬蛋类,,,***华丽分割线***,44047,永辉超市-长江国际店,2010111011,乌江下饭菜开胃菜,300g,粮油调味,,11.9,,0
2018/3/1,47090,沃尔玛-宝山万达店,2005650077,莴笋 1根约,1kg,5.8,果蔬蛋类,,,***华丽分割线***,44047,永辉超市-长江国际店,2010484919,康师傅茉莉果茶,500ml+50ml,酒水饮料,,2.6,,0
2018/3/1,47090,沃尔玛-宝山万达店,2005942546,蛇果 ,1kg,20.8,果蔬蛋类,,,***华丽分割线***,44047,永辉超市-长江国际店,2006493085,丹夫华夫饼奶油烘烤糕点 ,168g,休闲零食,,10.9,,0
2018/3/1,47090,沃尔玛-宝山万达店,2005942546,蛇果 ,1kg,20.8,果蔬蛋类,,,***华丽分割线***,44047,永辉超市-长江国际店,2009589033,斑布软抽,135mm,日用百货,,19.9,,0
2018/3/1,47090,沃尔玛-宝山万达店,2005942546,蛇果 ,1kg,20.8,果蔬蛋类,,,***华丽分割线***,44047,永辉超市-长江国际店,2006493126,意大利之花甜型起泡葡萄酒 ,750ml,酒水饮料,,59,,0
2018/3/1,47090,沃尔玛-宝山万达店,2011347393,袋装杏鲍菇,490g,6,果蔬蛋类,,,***华丽分割线***,44047,永辉超市-长江国际店,2005555463,杏鲍菇450±,50g/份,时令蔬菜,,6.9,,0.52
2018/3/1,47090,沃尔玛-宝山万达店,2011347393,袋装杏鲍菇,490g,6,果蔬蛋类,,,***华丽分割线***,44047,永辉超市-长江国际店,2011681653,袋装冰糖橙 1±,0.1kg,新鲜水果,活动期间(02.07-02.13)每人限购10件,11.99,,0.52
2018/3/1,47090,沃尔玛-宝山万达店,2011347393,袋装杏鲍菇,490g,6,果蔬蛋类,,,***华丽分割线***,44047,永辉超市-长江国际店,2008480660,悠自在袋装牙签,200支YYQ001,日用百货,,2.5,,0.38
2018/3/1,47090,沃尔玛-宝山万达店,2011055726,袋装虫草花,280g,15.8,果蔬蛋类,,,***华丽分割线***,44047,永辉超市-长江国际店,2005553802,鲜虫草花,200g/份,时令蔬菜,,8.9,,0.66
2018/3/1,47090,沃尔玛-宝山万达店,2011055726,袋装虫草花,280g,15.8,果蔬蛋类,,,***华丽分割线***,44047,永辉超市-长江国际店,2011681653,袋装冰糖橙 1±,0.1kg,新鲜水果,活动期间(02.07-02.13)每人限购10件,11.99,,0.57
2018/3/1,47090,沃尔玛-宝山万达店,2011055726,袋装虫草花,280g,15.8,果蔬蛋类,,,***华丽分割线***,44047,永辉超市-长江国际店,2008480660,悠自在袋装牙签,200支YYQ001,日用百货,,2.5,,0.42
2018/3/1,47090,沃尔玛-宝山万达店,2006170403,袋装香菇 ,250g,6,果蔬蛋类,,,***华丽分割线***,44047,永辉超市-长江国际店,2006817371,香菇（干）,250g/份,蛋品杂粮,活动期间(02.07-02.13)每人限购10件,25.9,,0.63
2018/3/1,47090,沃尔玛-宝山万达店,2006170403,袋装香菇 ,250g,6,果蔬蛋类,,,***华丽分割线***,44047,永辉超市-长江国际店,2011681653,袋装冰糖橙 1±,0.1kg,新鲜水果,活动期间(02.07-02.13)每人限购10件,11.99,,0.59
2018/3/1,47090,沃尔玛-宝山万达店,2006170403,袋装香菇 ,250g,6,果蔬蛋类,,,***华丽分割线***,44047,永辉超市-长江国际店,2008480660,悠自在袋装牙签,200支YYQ001,日用百货,,2.5,,0.43
2018/3/1,47090,沃尔玛-宝山万达店,2006800813,西州蜜瓜,2kg,33.5,果蔬蛋类,,,***华丽分割线***,44047,永辉超市-长江国际店,2005554044,白蜜瓜1.5±,0.2kg/份,新鲜水果,,22.9,,0.57
2018/3/1,47090,沃尔玛-宝山万达店,2006800813,西州蜜瓜,2kg,33.5,果蔬蛋类,,,***华丽分割线***,44047,永辉超市-长江国际店,2009849280,西周蜜瓜1.5±,0.3kg/份,新鲜水果,,39.9,,0.53
2018/3/1,47090,沃尔玛-宝山万达店,2006800813,西州蜜瓜,2kg,33.5,果蔬蛋类,,,***华丽分割线***,44047,永辉超市-长江国际店,2009910852,清至Trident清爽蜜瓜无糖口香糖 ,54g,休闲零食,,10.5,,0.36
2018/3/1,47090,沃尔玛-宝山万达店,2004749573,西红柿,3个 约550g,4.5,果蔬蛋类,,,***华丽分割线***,44047,永辉超市-长江国际店,2011287780,塑包西红柿面,1000g,粮油调味,,10.5,,0.62
2018/3/1,47090,沃尔玛-宝山万达店,2004749573,西红柿,3个 约550g,4.5,果蔬蛋类,,,***华丽分割线***,44047,永辉超市-长江国际店,2005555482,本地西红柿700±,50g/份,时令蔬菜,,6.9,,0.56
2018/3/1,47090,沃尔玛-宝山万达店,2004749573,西红柿,3个 约550g,4.5,果蔬蛋类,,,***华丽分割线***,44047,永辉超市-长江国际店,2011322798,康师傅西红柿鸡蛋打卤面,101g*5 101G*5,粮油调味,,11.5,,0.48
2018/3/1,47090,沃尔玛-宝山万达店,2004749531,进口 加力果,500g,11.5,果蔬蛋类,,,***华丽分割线***,44047,永辉超市-长江国际店,2005555207,进口香蕉,1kg/份,新鲜水果,,10.9,,0.33
2018/3/1,47090,沃尔玛-宝山万达店,2004749531,进口 加力果,500g,11.5,果蔬蛋类,,,***华丽分割线***,44047,永辉超市-长江国际店,2005555400,进口佳丽果,700g/份,新鲜水果,,19.8,,0.27
2018/3/1,47090,沃尔玛-宝山万达店,2004749531,进口 加力果,500g,11.5,果蔬蛋类,,,***华丽分割线***,44047,永辉超市-长江国际店,2005555204,进口红宝石西柚,400g±50g/份,新鲜水果,,12.8,,0.2
2018/3/1,47090,沃尔玛-宝山万达店,2003137938,进口 柠檬 ,1个 约80g,6.8,果蔬蛋类,,,***华丽分割线***,44047,永辉超市-长江国际店,2005554388,国产柠檬,90g/个,新鲜水果,,2.9,,0.64
2018/3/1,47090,沃尔玛-宝山万达店,2003137938,进口 柠檬 ,1个 约80g,6.8,果蔬蛋类,,,***华丽分割线***,44047,永辉超市-长江国际店,2007510283,锐澳听柠檬味,500ml/听,酒水饮料,,7.9,,0.51
2018/3/1,47090,沃尔玛-宝山万达店,2003137938,进口 柠檬 ,1个 约80g,6.8,果蔬蛋类,,,***华丽分割线***,44047,永辉超市-长江国际店,2006492920,农夫山泉茶π柠檬红茶 ,500ml,酒水饮料,,4.8,,0.5
2018/3/1,47090,沃尔玛-宝山万达店,2009091878,进口 橙 ,1盒 约1.2kg,44,果蔬蛋类,,,***华丽分割线***,44047,永辉超市-长江国际店,2005555207,进口香蕉,1kg/份,新鲜水果,,10.9,,0.62
2018/3/1,47090,沃尔玛-宝山万达店,2009091878,进口 橙 ,1盒 约1.2kg,44,果蔬蛋类,,,***华丽分割线***,44047,永辉超市-长江国际店,2005555400,进口佳丽果,700g/份,新鲜水果,,19.8,,0.51
2018/3/1,47090,沃尔玛-宝山万达店,2009091878,进口 橙 ,1盒 约1.2kg,44,果蔬蛋类,,,***华丽分割线***,44047,永辉超市-长江国际店,2005555204,进口红宝石西柚,400g±50g/份,新鲜水果,,12.8,,0.38
2018/3/1,47090,沃尔玛-宝山万达店,2004749588,进口 精品火龙果 ,3个 约1.3kg,16.3,果蔬蛋类,,,***华丽分割线***,44047,永辉超市-长江国际店,2005555210,红心火龙果500±,50g/份,新鲜水果,,16.99,,0.5
2018/3/1,47090,沃尔玛-宝山万达店,2004749588,进口 精品火龙果 ,3个 约1.3kg,16.3,果蔬蛋类,,,***华丽分割线***,44047,永辉超市-长江国际店,2005555205,白心火龙果500±,50g/份,新鲜水果,,6.9,,0.48
2018/3/1,47090,沃尔玛-宝山万达店,2004749588,进口 精品火龙果 ,3个 约1.3kg,16.3,果蔬蛋类,,,***华丽分割线***,44047,永辉超市-长江国际店,2005553933,圣牧有机奶精品装 ,200ml*12,日配冷藏,,39.9,,0.26
2018/3/1,47090,沃尔玛-宝山万达店,2004761579,进口 红提 ,500g,15.6,果蔬蛋类,,,***华丽分割线***,44047,永辉超市-长江国际店,2005555409,红提,750g/份,新鲜水果,,26.9,,0.89
2018/3/1,47090,沃尔玛-宝山万达店,2004761579,进口 红提 ,500g,15.6,果蔬蛋类,,,***华丽分割线***,44047,永辉超市-长江国际店,2005555207,进口香蕉,1kg/份,新鲜水果,,10.9,,0.29
2018/3/1,47090,沃尔玛-宝山万达店,2004761579,进口 红提 ,500g,15.6,果蔬蛋类,,,***华丽分割线***,44047,永辉超市-长江国际店,2005555400,进口佳丽果,700g/份,新鲜水果,,19.8,,0.23
2018/3/1,47090,沃尔玛-宝山万达店,2009491061,进口 红肉火龙果 ,3个 约1.3kg,40.7,果蔬蛋类,,,***华丽分割线***,44047,永辉超市-长江国际店,2005555210,红心火龙果500±,50g/份,新鲜水果,,16.99,,0.45
2018/3/1,47090,沃尔玛-宝山万达店,2009491061,进口 红肉火龙果 ,3个 约1.3kg,40.7,果蔬蛋类,,,***华丽分割线***,44047,永辉超市-长江国际店,2005555205,白心火龙果500±,50g/份,新鲜水果,,6.9,,0.43
2018/3/1,47090,沃尔玛-宝山万达店,2009491061,进口 红肉火龙果 ,3个 约1.3kg,40.7,果蔬蛋类,,,***华丽分割线***,44047,永辉超市-长江国际店,2005555207,进口香蕉,1kg/份,新鲜水果,,10.9,,0.2
2018/3/1,47090,沃尔玛-宝山万达店,2003138311,进口菠萝,1个 约1kg（暂不提供切片服务）,14.9,果蔬蛋类,,,***华丽分割线***,44047,永辉超市-长江国际店,2010175196,芬宝菠萝果酱,285g,粮油调味,,22.9,,0.4
2018/3/1,47090,沃尔玛-宝山万达店,2003138311,进口菠萝,1个 约1kg（暂不提供切片服务）,14.9,果蔬蛋类,,,***华丽分割线***,44047,永辉超市-长江国际店,2009086022,喜之郎菠萝维C果冻爽 ,150ml,休闲零食,,2.5,,0.38
2018/3/1,47090,沃尔玛-宝山万达店,2003138311,进口菠萝,1个 约1kg（暂不提供切片服务）,14.9,果蔬蛋类,,,***华丽分割线***,44047,永辉超市-长江国际店,2005555207,进口香蕉,1kg/份,新鲜水果,,10.9,,0.36
2018/3/1,47090,沃尔玛-宝山万达店,2011687721,进口 蓝莓 ,500g（125g*4）,50,果蔬蛋类,,,***华丽分割线***,44047,永辉超市-长江国际店,2005555206,蓝莓 /,1盒,新鲜水果,活动期间(02.12-02.12)每人限购10件,13.9,,0.89
2018/3/1,47090,沃尔玛-宝山万达店,2011687721,进口 蓝莓 ,500g（125g*4）,50,果蔬蛋类,,,***华丽分割线***,44047,永辉超市-长江国际店,2009885374,金双谷蓝莓汁 ,1L,酒水饮料,,12.9,,0.63
2018/3/1,47090,沃尔玛-宝山万达店,2011687721,进口 蓝莓 ,500g（125g*4）,50,果蔬蛋类,,,***华丽分割线***,44047,永辉超市-长江国际店,2011620262,大马邦蓝莓汁饮料 ,1.5L,酒水饮料,,15.9,,0.61
2018/3/1,47090,沃尔玛-宝山万达店,2010078280,进口 蓝莓(盒装),125g,12.8,果蔬蛋类,,,***华丽分割线***,44047,永辉超市-长江国际店,2005555206,蓝莓 /,1盒,新鲜水果,活动期间(02.12-02.12)每人限购10件,13.9,,0.67
2018/3/1,47090,沃尔玛-宝山万达店,2010078280,进口 蓝莓(盒装),125g,12.8,果蔬蛋类,,,***华丽分割线***,44047,永辉超市-长江国际店,2006817052,盒装草莓 盒,,新鲜水果,,22.99,,0.51
2018/3/1,47090,沃尔玛-宝山万达店,2010078280,进口 蓝莓(盒装),125g,12.8,果蔬蛋类,,,***华丽分割线***,44047,永辉超市-长江国际店,2009885374,金双谷蓝莓汁 ,1L,酒水饮料,,12.9,,0.47
2018/3/1,47090,沃尔玛-宝山万达店,2007926327,进口 超甜蕉,700g,14.9,果蔬蛋类,,,***华丽分割线***,44047,永辉超市-长江国际店,2005555207,进口香蕉,1kg/份,新鲜水果,,10.9,,0.29
2018/3/1,47090,沃尔玛-宝山万达店,2007926327,进口 超甜蕉,700g,14.9,果蔬蛋类,,,***华丽分割线***,44047,永辉超市-长江国际店,2005555400,进口佳丽果,700g/份,新鲜水果,,19.8,,0.23
2018/3/1,47090,沃尔玛-宝山万达店,2007926327,进口 超甜蕉,700g,14.9,果蔬蛋类,,,***华丽分割线***,44047,永辉超市-长江国际店,2005555204,进口红宝石西柚,400g±50g/份,新鲜水果,,12.8,,0.18
2018/3/1,47090,沃尔玛-宝山万达店,2006904837,进口黑布林 ,500g,20.9,果蔬蛋类,,,***华丽分割线***,44047,永辉超市-长江国际店,2005555207,进口香蕉,1kg/份,新鲜水果,,10.9,,0.32
2018/3/1,47090,沃尔玛-宝山万达店,2006904837,进口黑布林 ,500g,20.9,果蔬蛋类,,,***华丽分割线***,44047,永辉超市-长江国际店,2005555400,进口佳丽果,700g/份,新鲜水果,,19.8,,0.27
2018/3/1,47090,沃尔玛-宝山万达店,2006904837,进口黑布林 ,500g,20.9,果蔬蛋类,,,***华丽分割线***,44047,永辉超市-长江国际店,2005555204,进口红宝石西柚,400g±50g/份,新鲜水果,,12.8,,0.2
2018/3/1,47090,沃尔玛-宝山万达店,2005446637,进口 龙眼,500g,10.5,果蔬蛋类,,,***华丽分割线***,44047,永辉超市-长江国际店,2005555393,泰国龙眼,500g/份,新鲜水果,,9.99,,0.63
2018/3/1,47090,沃尔玛-宝山万达店,2005446637,进口 龙眼,500g,10.5,果蔬蛋类,,,***华丽分割线***,44047,永辉超市-长江国际店,2005555207,进口香蕉,1kg/份,新鲜水果,,10.9,,0.35
2018/3/1,47090,沃尔玛-宝山万达店,2005446637,进口 龙眼,500g,10.5,果蔬蛋类,,,***华丽分割线***,44047,永辉超市-长江国际店,2005555400,进口佳丽果,700g/份,新鲜水果,,19.8,,0.29
2018/3/1,47090,沃尔玛-宝山万达店,2010849758,都乐山东富士苹果. ,4个 约1kg,18.7,果蔬蛋类,,,***华丽分割线***,44047,永辉超市-长江国际店,2006825397,都乐100%葡萄汁 ,250ml,酒水饮料,,5.5,,0.36
2018/3/1,47090,沃尔玛-宝山万达店,2010849758,都乐山东富士苹果. ,4个 约1kg,18.7,果蔬蛋类,,,***华丽分割线***,44047,永辉超市-长江国际店,2006825396,都乐100%橙汁 ,250ml,酒水饮料,,5.5,,0.36
2018/3/1,47090,沃尔玛-宝山万达店,2010849758,都乐山东富士苹果. ,4个 约1kg,18.7,果蔬蛋类,,,***华丽分割线***,44047,永辉超市-长江国际店,2011214156,金富士特浓牛乳饼,500g,休闲零食,,14.6,,0.32
2018/3/1,47090,沃尔玛-宝山万达店,2004749528,都乐进口 香蕉 6根,1kg,14.7,果蔬蛋类,,,***华丽分割线***,44047,永辉超市-长江国际店,2005555207,进口香蕉,1kg/份,新鲜水果,,10.9,,0.67
2018/3/1,47090,沃尔玛-宝山万达店,2004749528,都乐进口 香蕉 6根,1kg,14.7,果蔬蛋类,,,***华丽分割线***,44047,永辉超市-长江国际店,2006825397,都乐100%葡萄汁 ,250ml,酒水饮料,,5.5,,0.43
2018/3/1,47090,沃尔玛-宝山万达店,2004749528,都乐进口 香蕉 6根,1kg,14.7,果蔬蛋类,,,***华丽分割线***,44047,永辉超市-长江国际店,2006825396,都乐100%橙汁 ,250ml,酒水饮料,,5.5,,0.43
2018/3/1,47090,沃尔玛-宝山万达店,2003138070,都乐 金菠萝 ,1个 约1kg（暂不提供切片服务）,16.8,果蔬蛋类,,,***华丽分割线***,44047,永辉超市-长江国际店,2006825397,都乐100%葡萄汁 ,250ml,酒水饮料,,5.5,,0.45
2018/3/1,47090,沃尔玛-宝山万达店,2003138070,都乐 金菠萝 ,1个 约1kg（暂不提供切片服务）,16.8,果蔬蛋类,,,***华丽分割线***,44047,永辉超市-长江国际店,2006825396,都乐100%橙汁 ,250ml,酒水饮料,,5.5,,0.45
2018/3/1,47090,沃尔玛-宝山万达店,2003138070,都乐 金菠萝 ,1个 约1kg（暂不提供切片服务）,16.8,果蔬蛋类,,,***华丽分割线***,44047,永辉超市-长江国际店,2010175196,芬宝菠萝果酱,285g,粮油调味,,22.9,,0.3
2018/3/1,47090,沃尔玛-宝山万达店,2011469583,阿克苏苹果,1kg,12.6,果蔬蛋类,,,***华丽分割线***,44047,永辉超市-长江国际店,2006493849,阿克苏冰糖心苹果 1±,0.1kg/份,新鲜水果,,16.9,,0.78
2018/3/1,47090,沃尔玛-宝山万达店,2011469583,阿克苏苹果,1kg,12.6,果蔬蛋类,,,***华丽分割线***,44047,永辉超市-长江国际店,2005555203,花牛苹果1±,0.1kg/份,新鲜水果,,15.9,,0.33
2018/3/1,47090,沃尔玛-宝山万达店,2011469583,阿克苏苹果,1kg,12.6,果蔬蛋类,,,***华丽分割线***,44047,永辉超市-长江国际店,2005554746,黑人儿童牙膏苹果 ,40g,清洁美妆,,6.8,,0.29
2018/3/1,47090,沃尔玛-宝山万达店,2005446631,陕西精品红富士苹果,1kg,14.7,果蔬蛋类,,,***华丽分割线***,44047,永辉超市-长江国际店,2006817487,陕西红富士900±,100g/份,新鲜水果,,16,,0.6
2018/3/1,47090,沃尔玛-宝山万达店,2005446631,陕西精品红富士苹果,1kg,14.7,果蔬蛋类,,,***华丽分割线***,44047,永辉超市-长江国际店,2008165790,山东红富士900±,100g/份,新鲜水果,,11.9,,0.49
2018/3/1,47090,沃尔玛-宝山万达店,2005446631,陕西精品红富士苹果,1kg,14.7,果蔬蛋类,,,***华丽分割线***,44047,永辉超市-长江国际店,2005553933,圣牧有机奶精品装 ,200ml*12,日配冷藏,,39.9,,0.24
2018/3/1,47090,沃尔玛-宝山万达店,2003138328,鸟王 五谷鲜鸡蛋,20枚 900g,23.9,果蔬蛋类,,,***华丽分割线***,44047,永辉超市-长江国际店,2005555426,土鸡蛋 ,15枚/份,蛋品杂粮,,12.9,,0.45
2018/3/1,47090,沃尔玛-宝山万达店,2003138328,鸟王 五谷鲜鸡蛋,20枚 900g,23.9,果蔬蛋类,,,***华丽分割线***,44047,永辉超市-长江国际店,2005553614,波力鸡蛋卷 ,216g,休闲零食,,27.8,,0.25
2018/3/1,47090,沃尔玛-宝山万达店,2003138328,鸟王 五谷鲜鸡蛋,20枚 900g,23.9,果蔬蛋类,,,***华丽分割线***,44047,永辉超市-长江国际店,2005554421,斯波德五谷奇脆巧克力 ,100g,休闲零食,,17.5,,0.25
2018/3/1,47090,沃尔玛-宝山万达店,2005975332,鸟王 茶香蛋,10枚 230g,14.9,果蔬蛋类,,,***华丽分割线***,44047,永辉超市-长江国际店,2005553207,高露洁冰爽茶香牙膏 ,180g,清洁美妆,,14.8,,0.31
2018/3/1,47090,沃尔玛-宝山万达店,2005975332,鸟王 茶香蛋,10枚 230g,14.9,果蔬蛋类,,,***华丽分割线***,44047,永辉超市-长江国际店,2005555137,好侍百梦多微辣咖喱调味料 ,100g,粮油调味,,12.8,,0
2018/3/1,47090,沃尔玛-宝山万达店,2005975332,鸟王 茶香蛋,10枚 230g,14.9,果蔬蛋类,,,***华丽分割线***,44047,永辉超市-长江国际店,2005555247,喜之郎美好时光海苔原味 ,36g,休闲零食,,18.8,,0
2018/3/1,47090,沃尔玛-宝山万达店,2005415938,黄元帅苹果 ,4个 约1kg,10.5,果蔬蛋类,,,***华丽分割线***,44047,永辉超市-长江国际店,2005555203,花牛苹果1±,0.1kg/份,新鲜水果,,15.9,,0.37
2018/3/1,47090,沃尔玛-宝山万达店,2005415938,黄元帅苹果 ,4个 约1kg,10.5,果蔬蛋类,,,***华丽分割线***,44047,永辉超市-长江国际店,2006493849,阿克苏冰糖心苹果 1±,0.1kg/份,新鲜水果,,16.9,,0.34
2018/3/1,47090,沃尔玛-宝山万达店,2005415938,黄元帅苹果 ,4个 约1kg,10.5,果蔬蛋类,,,***华丽分割线***,44047,永辉超市-长江国际店,2005554746,黑人儿童牙膏苹果 ,40g,清洁美妆,,6.8,,0.32
2018/3/1,47090,沃尔玛-宝山万达店,2007507030,黄金梨 ,4个 约1.5kg,17.9,果蔬蛋类,,,***华丽分割线***,44047,永辉超市-长江国际店,2012069389,忆江南碧螺春礼盒 ,188g/盒,年货专场,,198,,0
2018/3/1,47090,沃尔玛-宝山万达店,2007507030,黄金梨 ,4个 约1.5kg,17.9,果蔬蛋类,,,***华丽分割线***,44047,永辉超市-长江国际店,2007510373,陈克明刀削面片（经典原味） ,240g,粮油调味,,3.8,,0
2018/3/1,47090,沃尔玛-宝山万达店,2007507030,黄金梨 ,4个 约1.5kg,17.9,果蔬蛋类,,,***华丽分割线***,44047,永辉超市-长江国际店,2005554429,金锣佐餐盐方 ,230g,日配冷藏,,4.5,,0
